exp,model_type,target_type,condition,model,surp
def,shuffled,reduced,New_Old_Def,models/shuffled/shuffled_LSTM_400_80m_a_10-d0.2.pt,0.014932513236999512
def,shuffled,reduced,New_Old_Def,models/shuffled/shuffled_LSTM_400_80m_b_11-d0.2.pt,0.0050966739654541016
def,shuffled,reduced,New_Old_Def,models/shuffled/shuffled_LSTM_400_80m_c_12-d0.2.pt,-0.011116862297058105
def,shuffled,reduced,New_Old_Def,models/shuffled/shuffled_LSTM_400_80m_d_13-d0.2.pt,0.0009114742279052734
def,shuffled,reduced,New_Old_Def,models/shuffled/shuffled_LSTM_400_80m_e_14-d0.2.pt,0.0023343563079833984
def,ordered,reduced,New_Old_Def,models/ordered/ordered_LSTM_400_80m_a_10-d0.2.pt,-0.06370806694030762
def,ordered,reduced,New_Old_Def,models/ordered/ordered_LSTM_400_80m_b_11-d0.2.pt,-0.24140715599060059
def,ordered,reduced,New_Old_Def,models/ordered/ordered_LSTM_400_80m_c_12-d0.2.pt,-0.47321462631225586
def,ordered,reduced,New_Old_Def,models/ordered/ordered_LSTM_400_80m_d_13-d0.2.pt,-0.6627695560455322
def,ordered,reduced,New_Old_Def,models/ordered/ordered_LSTM_400_80m_e_14-d0.2.pt,-0.6324338912963867
def,shuffled,reduced,New_Indef_Def,models/shuffled/shuffled_LSTM_400_80m_a_10-d0.2.pt,-1.6078227758407593
def,shuffled,reduced,New_Indef_Def,models/shuffled/shuffled_LSTM_400_80m_b_11-d0.2.pt,-0.363112211227417
def,shuffled,reduced,New_Indef_Def,models/shuffled/shuffled_LSTM_400_80m_c_12-d0.2.pt,-0.589083194732666
def,shuffled,reduced,New_Indef_Def,models/shuffled/shuffled_LSTM_400_80m_d_13-d0.2.pt,-1.7573225498199463
def,shuffled,reduced,New_Indef_Def,models/shuffled/shuffled_LSTM_400_80m_e_14-d0.2.pt,-0.5951004028320312
def,ordered,reduced,New_Indef_Def,models/ordered/ordered_LSTM_400_80m_a_10-d0.2.pt,0.07839083671569824
def,ordered,reduced,New_Indef_Def,models/ordered/ordered_LSTM_400_80m_b_11-d0.2.pt,-0.8721809387207031
def,ordered,reduced,New_Indef_Def,models/ordered/ordered_LSTM_400_80m_c_12-d0.2.pt,-1.376063585281372
def,ordered,reduced,New_Indef_Def,models/ordered/ordered_LSTM_400_80m_d_13-d0.2.pt,-0.5516331195831299
def,ordered,reduced,New_Indef_Def,models/ordered/ordered_LSTM_400_80m_e_14-d0.2.pt,-0.08906745910644531
def,shuffled,unreduced,New_Old_Def,models/shuffled/shuffled_LSTM_400_80m_a_10-d0.2.pt,0.007460355758666992
def,shuffled,unreduced,New_Old_Def,models/shuffled/shuffled_LSTM_400_80m_b_11-d0.2.pt,0.0009187459945678711
def,shuffled,unreduced,New_Old_Def,models/shuffled/shuffled_LSTM_400_80m_c_12-d0.2.pt,-0.005947470664978027
def,shuffled,unreduced,New_Old_Def,models/shuffled/shuffled_LSTM_400_80m_d_13-d0.2.pt,-0.001890420913696289
def,shuffled,unreduced,New_Old_Def,models/shuffled/shuffled_LSTM_400_80m_e_14-d0.2.pt,-0.00012373924255371094
def,ordered,unreduced,New_Old_Def,models/ordered/ordered_LSTM_400_80m_a_10-d0.2.pt,-0.08053827285766602
def,ordered,unreduced,New_Old_Def,models/ordered/ordered_LSTM_400_80m_b_11-d0.2.pt,-0.07878756523132324
def,ordered,unreduced,New_Old_Def,models/ordered/ordered_LSTM_400_80m_c_12-d0.2.pt,-0.35140538215637207
def,ordered,unreduced,New_Old_Def,models/ordered/ordered_LSTM_400_80m_d_13-d0.2.pt,-0.2384638786315918
def,ordered,unreduced,New_Old_Def,models/ordered/ordered_LSTM_400_80m_e_14-d0.2.pt,-0.2590968608856201
def,shuffled,unreduced,New_Indef_Def,models/shuffled/shuffled_LSTM_400_80m_a_10-d0.2.pt,1.5642815828323364
def,shuffled,unreduced,New_Indef_Def,models/shuffled/shuffled_LSTM_400_80m_b_11-d0.2.pt,2.4699424505233765
def,shuffled,unreduced,New_Indef_Def,models/shuffled/shuffled_LSTM_400_80m_c_12-d0.2.pt,1.9801994562149048
def,shuffled,unreduced,New_Indef_Def,models/shuffled/shuffled_LSTM_400_80m_d_13-d0.2.pt,2.139885663986206
def,shuffled,unreduced,New_Indef_Def,models/shuffled/shuffled_LSTM_400_80m_e_14-d0.2.pt,2.0032427310943604
def,ordered,unreduced,New_Indef_Def,models/ordered/ordered_LSTM_400_80m_a_10-d0.2.pt,2.4714457988739014
def,ordered,unreduced,New_Indef_Def,models/ordered/ordered_LSTM_400_80m_b_11-d0.2.pt,2.6380138397216797
def,ordered,unreduced,New_Indef_Def,models/ordered/ordered_LSTM_400_80m_c_12-d0.2.pt,2.0695204734802246
def,ordered,unreduced,New_Indef_Def,models/ordered/ordered_LSTM_400_80m_d_13-d0.2.pt,2.818308115005493
def,ordered,unreduced,New_Indef_Def,models/ordered/ordered_LSTM_400_80m_e_14-d0.2.pt,2.5575075149536133
def,shuffled,reduced,New_Old_Def,models/shuffled/shuffled_LSTM_400_80m_a_10-d0.2.pt,8.7738037109375e-05
def,shuffled,reduced,New_Old_Def,models/shuffled/shuffled_LSTM_400_80m_b_11-d0.2.pt,-0.018677234649658203
def,shuffled,reduced,New_Old_Def,models/shuffled/shuffled_LSTM_400_80m_c_12-d0.2.pt,0.012888908386230469
def,shuffled,reduced,New_Old_Def,models/shuffled/shuffled_LSTM_400_80m_d_13-d0.2.pt,0.011174678802490234
def,shuffled,reduced,New_Old_Def,models/shuffled/shuffled_LSTM_400_80m_e_14-d0.2.pt,0.021040916442871094
def,ordered,reduced,New_Old_Def,models/ordered/ordered_LSTM_400_80m_a_10-d0.2.pt,-0.40950775146484375
def,ordered,reduced,New_Old_Def,models/ordered/ordered_LSTM_400_80m_b_11-d0.2.pt,0.006667137145996094
def,ordered,reduced,New_Old_Def,models/ordered/ordered_LSTM_400_80m_c_12-d0.2.pt,0.09974861145019531
def,ordered,reduced,New_Old_Def,models/ordered/ordered_LSTM_400_80m_d_13-d0.2.pt,-0.4914121627807617
def,ordered,reduced,New_Old_Def,models/ordered/ordered_LSTM_400_80m_e_14-d0.2.pt,-0.4069786071777344
def,shuffled,reduced,New_Indef_Def,models/shuffled/shuffled_LSTM_400_80m_a_10-d0.2.pt,0.41571998596191406
def,shuffled,reduced,New_Indef_Def,models/shuffled/shuffled_LSTM_400_80m_b_11-d0.2.pt,0.6088733673095703
def,shuffled,reduced,New_Indef_Def,models/shuffled/shuffled_LSTM_400_80m_c_12-d0.2.pt,1.2675228118896484
def,shuffled,reduced,New_Indef_Def,models/shuffled/shuffled_LSTM_400_80m_d_13-d0.2.pt,0.8324346542358398
def,shuffled,reduced,New_Indef_Def,models/shuffled/shuffled_LSTM_400_80m_e_14-d0.2.pt,0.42168235778808594
def,ordered,reduced,New_Indef_Def,models/ordered/ordered_LSTM_400_80m_a_10-d0.2.pt,0.2555255889892578
def,ordered,reduced,New_Indef_Def,models/ordered/ordered_LSTM_400_80m_b_11-d0.2.pt,1.1293487548828125
def,ordered,reduced,New_Indef_Def,models/ordered/ordered_LSTM_400_80m_c_12-d0.2.pt,0.5254640579223633
def,ordered,reduced,New_Indef_Def,models/ordered/ordered_LSTM_400_80m_d_13-d0.2.pt,0.6474037170410156
def,ordered,reduced,New_Indef_Def,models/ordered/ordered_LSTM_400_80m_e_14-d0.2.pt,0.8942141532897949
def,shuffled,unreduced,New_Old_Def,models/shuffled/shuffled_LSTM_400_80m_a_10-d0.2.pt,0.004699230194091797
def,shuffled,unreduced,New_Old_Def,models/shuffled/shuffled_LSTM_400_80m_b_11-d0.2.pt,0.014424324035644531
def,shuffled,unreduced,New_Old_Def,models/shuffled/shuffled_LSTM_400_80m_c_12-d0.2.pt,0.01131439208984375
def,shuffled,unreduced,New_Old_Def,models/shuffled/shuffled_LSTM_400_80m_d_13-d0.2.pt,0.0018873214721679688
def,shuffled,unreduced,New_Old_Def,models/shuffled/shuffled_LSTM_400_80m_e_14-d0.2.pt,-0.0005846023559570312
def,ordered,unreduced,New_Old_Def,models/ordered/ordered_LSTM_400_80m_a_10-d0.2.pt,-0.5166416168212891
def,ordered,unreduced,New_Old_Def,models/ordered/ordered_LSTM_400_80m_b_11-d0.2.pt,-0.24300527572631836
def,ordered,unreduced,New_Old_Def,models/ordered/ordered_LSTM_400_80m_c_12-d0.2.pt,-0.039577484130859375
def,ordered,unreduced,New_Old_Def,models/ordered/ordered_LSTM_400_80m_d_13-d0.2.pt,-0.18230342864990234
def,ordered,unreduced,New_Old_Def,models/ordered/ordered_LSTM_400_80m_e_14-d0.2.pt,-0.443723201751709
def,shuffled,unreduced,New_Indef_Def,models/shuffled/shuffled_LSTM_400_80m_a_10-d0.2.pt,-2.0404295921325684
def,shuffled,unreduced,New_Indef_Def,models/shuffled/shuffled_LSTM_400_80m_b_11-d0.2.pt,-0.12599945068359375
def,shuffled,unreduced,New_Indef_Def,models/shuffled/shuffled_LSTM_400_80m_c_12-d0.2.pt,-1.3336658477783203
def,shuffled,unreduced,New_Indef_Def,models/shuffled/shuffled_LSTM_400_80m_d_13-d0.2.pt,-0.6455373764038086
def,shuffled,unreduced,New_Indef_Def,models/shuffled/shuffled_LSTM_400_80m_e_14-d0.2.pt,-1.7564311027526855
def,ordered,unreduced,New_Indef_Def,models/ordered/ordered_LSTM_400_80m_a_10-d0.2.pt,-1.031510353088379
def,ordered,unreduced,New_Indef_Def,models/ordered/ordered_LSTM_400_80m_b_11-d0.2.pt,1.0196881294250488
def,ordered,unreduced,New_Indef_Def,models/ordered/ordered_LSTM_400_80m_c_12-d0.2.pt,-0.9341883659362793
def,ordered,unreduced,New_Indef_Def,models/ordered/ordered_LSTM_400_80m_d_13-d0.2.pt,0.20155715942382812
def,ordered,unreduced,New_Indef_Def,models/ordered/ordered_LSTM_400_80m_e_14-d0.2.pt,0.25252246856689453
def,shuffled,reduced,New_Old_Def,models/shuffled/shuffled_LSTM_400_80m_a_10-d0.2.pt,-0.012814521789550781
def,shuffled,reduced,New_Old_Def,models/shuffled/shuffled_LSTM_400_80m_b_11-d0.2.pt,0.003234386444091797
def,shuffled,reduced,New_Old_Def,models/shuffled/shuffled_LSTM_400_80m_c_12-d0.2.pt,0.006064891815185547
def,shuffled,reduced,New_Old_Def,models/shuffled/shuffled_LSTM_400_80m_d_13-d0.2.pt,-0.003329753875732422
def,shuffled,reduced,New_Old_Def,models/shuffled/shuffled_LSTM_400_80m_e_14-d0.2.pt,-0.044686317443847656
def,ordered,reduced,New_Old_Def,models/ordered/ordered_LSTM_400_80m_a_10-d0.2.pt,-0.20868635177612305
def,ordered,reduced,New_Old_Def,models/ordered/ordered_LSTM_400_80m_b_11-d0.2.pt,0.02861309051513672
def,ordered,reduced,New_Old_Def,models/ordered/ordered_LSTM_400_80m_c_12-d0.2.pt,-0.02361154556274414
def,ordered,reduced,New_Old_Def,models/ordered/ordered_LSTM_400_80m_d_13-d0.2.pt,-0.19393396377563477
def,ordered,reduced,New_Old_Def,models/ordered/ordered_LSTM_400_80m_e_14-d0.2.pt,0.3709444999694824
def,shuffled,reduced,New_Indef_Def,models/shuffled/shuffled_LSTM_400_80m_a_10-d0.2.pt,-1.1452431678771973
def,shuffled,reduced,New_Indef_Def,models/shuffled/shuffled_LSTM_400_80m_b_11-d0.2.pt,0.06587982177734375
def,shuffled,reduced,New_Indef_Def,models/shuffled/shuffled_LSTM_400_80m_c_12-d0.2.pt,0.9735517501831055
def,shuffled,reduced,New_Indef_Def,models/shuffled/shuffled_LSTM_400_80m_d_13-d0.2.pt,-2.016916275024414
def,shuffled,reduced,New_Indef_Def,models/shuffled/shuffled_LSTM_400_80m_e_14-d0.2.pt,0.9306836128234863
def,ordered,reduced,New_Indef_Def,models/ordered/ordered_LSTM_400_80m_a_10-d0.2.pt,-1.1985936164855957
def,ordered,reduced,New_Indef_Def,models/ordered/ordered_LSTM_400_80m_b_11-d0.2.pt,-0.11092948913574219
def,ordered,reduced,New_Indef_Def,models/ordered/ordered_LSTM_400_80m_c_12-d0.2.pt,0.12013053894042969
def,ordered,reduced,New_Indef_Def,models/ordered/ordered_LSTM_400_80m_d_13-d0.2.pt,-0.36532020568847656
def,ordered,reduced,New_Indef_Def,models/ordered/ordered_LSTM_400_80m_e_14-d0.2.pt,1.402602195739746
def,shuffled,unreduced,New_Old_Def,models/shuffled/shuffled_LSTM_400_80m_a_10-d0.2.pt,-0.006768345832824707
def,shuffled,unreduced,New_Old_Def,models/shuffled/shuffled_LSTM_400_80m_b_11-d0.2.pt,0.018151283264160156
def,shuffled,unreduced,New_Old_Def,models/shuffled/shuffled_LSTM_400_80m_c_12-d0.2.pt,-0.00853872299194336
def,shuffled,unreduced,New_Old_Def,models/shuffled/shuffled_LSTM_400_80m_d_13-d0.2.pt,0.00030350685119628906
def,shuffled,unreduced,New_Old_Def,models/shuffled/shuffled_LSTM_400_80m_e_14-d0.2.pt,-0.011582255363464355
def,ordered,unreduced,New_Old_Def,models/ordered/ordered_LSTM_400_80m_a_10-d0.2.pt,0.03286778926849365
def,ordered,unreduced,New_Old_Def,models/ordered/ordered_LSTM_400_80m_b_11-d0.2.pt,-0.17014241218566895
def,ordered,unreduced,New_Old_Def,models/ordered/ordered_LSTM_400_80m_c_12-d0.2.pt,0.10823678970336914
def,ordered,unreduced,New_Old_Def,models/ordered/ordered_LSTM_400_80m_d_13-d0.2.pt,0.12581467628479004
def,ordered,unreduced,New_Old_Def,models/ordered/ordered_LSTM_400_80m_e_14-d0.2.pt,0.07938039302825928
def,shuffled,unreduced,New_Indef_Def,models/shuffled/shuffled_LSTM_400_80m_a_10-d0.2.pt,0.4227726459503174
def,shuffled,unreduced,New_Indef_Def,models/shuffled/shuffled_LSTM_400_80m_b_11-d0.2.pt,1.196094036102295
def,shuffled,unreduced,New_Indef_Def,models/shuffled/shuffled_LSTM_400_80m_c_12-d0.2.pt,0.7298563718795776
def,shuffled,unreduced,New_Indef_Def,models/shuffled/shuffled_LSTM_400_80m_d_13-d0.2.pt,1.095499873161316
def,shuffled,unreduced,New_Indef_Def,models/shuffled/shuffled_LSTM_400_80m_e_14-d0.2.pt,1.8383827209472656
def,ordered,unreduced,New_Indef_Def,models/ordered/ordered_LSTM_400_80m_a_10-d0.2.pt,0.7039536237716675
def,ordered,unreduced,New_Indef_Def,models/ordered/ordered_LSTM_400_80m_b_11-d0.2.pt,0.8450250625610352
def,ordered,unreduced,New_Indef_Def,models/ordered/ordered_LSTM_400_80m_c_12-d0.2.pt,1.2791117429733276
def,ordered,unreduced,New_Indef_Def,models/ordered/ordered_LSTM_400_80m_d_13-d0.2.pt,1.8344876766204834
def,ordered,unreduced,New_Indef_Def,models/ordered/ordered_LSTM_400_80m_e_14-d0.2.pt,1.1834636926651
def,shuffled,reduced,New_Old_Def,models/shuffled/shuffled_LSTM_400_80m_a_10-d0.2.pt,-0.010326385498046875
def,shuffled,reduced,New_Old_Def,models/shuffled/shuffled_LSTM_400_80m_b_11-d0.2.pt,-0.003505706787109375
def,shuffled,reduced,New_Old_Def,models/shuffled/shuffled_LSTM_400_80m_c_12-d0.2.pt,0.002220630645751953
def,shuffled,reduced,New_Old_Def,models/shuffled/shuffled_LSTM_400_80m_d_13-d0.2.pt,5.53131103515625e-05
def,shuffled,reduced,New_Old_Def,models/shuffled/shuffled_LSTM_400_80m_e_14-d0.2.pt,0.007404923439025879
def,ordered,reduced,New_Old_Def,models/ordered/ordered_LSTM_400_80m_a_10-d0.2.pt,0.525336742401123
def,ordered,reduced,New_Old_Def,models/ordered/ordered_LSTM_400_80m_b_11-d0.2.pt,1.0670738220214844
def,ordered,reduced,New_Old_Def,models/ordered/ordered_LSTM_400_80m_c_12-d0.2.pt,1.1501247882843018
def,ordered,reduced,New_Old_Def,models/ordered/ordered_LSTM_400_80m_d_13-d0.2.pt,0.1392078399658203
def,ordered,reduced,New_Old_Def,models/ordered/ordered_LSTM_400_80m_e_14-d0.2.pt,1.238957405090332
def,shuffled,reduced,New_Indef_Def,models/shuffled/shuffled_LSTM_400_80m_a_10-d0.2.pt,0.5787296295166016
def,shuffled,reduced,New_Indef_Def,models/shuffled/shuffled_LSTM_400_80m_b_11-d0.2.pt,-0.12693500518798828
def,shuffled,reduced,New_Indef_Def,models/shuffled/shuffled_LSTM_400_80m_c_12-d0.2.pt,1.1473121643066406
def,shuffled,reduced,New_Indef_Def,models/shuffled/shuffled_LSTM_400_80m_d_13-d0.2.pt,2.7359862327575684
def,shuffled,reduced,New_Indef_Def,models/shuffled/shuffled_LSTM_400_80m_e_14-d0.2.pt,4.952349901199341
def,ordered,reduced,New_Indef_Def,models/ordered/ordered_LSTM_400_80m_a_10-d0.2.pt,3.0416617393493652
def,ordered,reduced,New_Indef_Def,models/ordered/ordered_LSTM_400_80m_b_11-d0.2.pt,3.405689239501953
def,ordered,reduced,New_Indef_Def,models/ordered/ordered_LSTM_400_80m_c_12-d0.2.pt,4.319217205047607
def,ordered,reduced,New_Indef_Def,models/ordered/ordered_LSTM_400_80m_d_13-d0.2.pt,0.9505529403686523
def,ordered,reduced,New_Indef_Def,models/ordered/ordered_LSTM_400_80m_e_14-d0.2.pt,1.9689459800720215
def,shuffled,unreduced,New_Old_Def,models/shuffled/shuffled_LSTM_400_80m_a_10-d0.2.pt,-0.012216806411743164
def,shuffled,unreduced,New_Old_Def,models/shuffled/shuffled_LSTM_400_80m_b_11-d0.2.pt,-0.0059735774993896484
def,shuffled,unreduced,New_Old_Def,models/shuffled/shuffled_LSTM_400_80m_c_12-d0.2.pt,0.014300227165222168
def,shuffled,unreduced,New_Old_Def,models/shuffled/shuffled_LSTM_400_80m_d_13-d0.2.pt,0.00015985965728759766
def,shuffled,unreduced,New_Old_Def,models/shuffled/shuffled_LSTM_400_80m_e_14-d0.2.pt,0.00536191463470459
def,ordered,unreduced,New_Old_Def,models/ordered/ordered_LSTM_400_80m_a_10-d0.2.pt,0.8237180709838867
def,ordered,unreduced,New_Old_Def,models/ordered/ordered_LSTM_400_80m_b_11-d0.2.pt,0.6135441064834595
def,ordered,unreduced,New_Old_Def,models/ordered/ordered_LSTM_400_80m_c_12-d0.2.pt,0.8050336837768555
def,ordered,unreduced,New_Old_Def,models/ordered/ordered_LSTM_400_80m_d_13-d0.2.pt,-0.04069340229034424
def,ordered,unreduced,New_Old_Def,models/ordered/ordered_LSTM_400_80m_e_14-d0.2.pt,0.9209511280059814
def,shuffled,unreduced,New_Indef_Def,models/shuffled/shuffled_LSTM_400_80m_a_10-d0.2.pt,0.6105066537857056
def,shuffled,unreduced,New_Indef_Def,models/shuffled/shuffled_LSTM_400_80m_b_11-d0.2.pt,1.497340440750122
def,shuffled,unreduced,New_Indef_Def,models/shuffled/shuffled_LSTM_400_80m_c_12-d0.2.pt,2.332589268684387
def,shuffled,unreduced,New_Indef_Def,models/shuffled/shuffled_LSTM_400_80m_d_13-d0.2.pt,2.094629406929016
def,shuffled,unreduced,New_Indef_Def,models/shuffled/shuffled_LSTM_400_80m_e_14-d0.2.pt,2.517960786819458
def,ordered,unreduced,New_Indef_Def,models/ordered/ordered_LSTM_400_80m_a_10-d0.2.pt,2.591446280479431
def,ordered,unreduced,New_Indef_Def,models/ordered/ordered_LSTM_400_80m_b_11-d0.2.pt,2.359912633895874
def,ordered,unreduced,New_Indef_Def,models/ordered/ordered_LSTM_400_80m_c_12-d0.2.pt,1.9821919202804565
def,ordered,unreduced,New_Indef_Def,models/ordered/ordered_LSTM_400_80m_d_13-d0.2.pt,1.555354356765747
def,ordered,unreduced,New_Indef_Def,models/ordered/ordered_LSTM_400_80m_e_14-d0.2.pt,1.6739802360534668
def,shuffled,reduced,New_Old_Def,models/shuffled/shuffled_LSTM_400_80m_a_10-d0.2.pt,-0.01073455810546875
def,shuffled,reduced,New_Old_Def,models/shuffled/shuffled_LSTM_400_80m_b_11-d0.2.pt,-0.005870819091796875
def,shuffled,reduced,New_Old_Def,models/shuffled/shuffled_LSTM_400_80m_c_12-d0.2.pt,0.013870716094970703
def,shuffled,reduced,New_Old_Def,models/shuffled/shuffled_LSTM_400_80m_d_13-d0.2.pt,0.005972862243652344
def,shuffled,reduced,New_Old_Def,models/shuffled/shuffled_LSTM_400_80m_e_14-d0.2.pt,-0.0024328231811523438
def,ordered,reduced,New_Old_Def,models/ordered/ordered_LSTM_400_80m_a_10-d0.2.pt,0.5774297714233398
def,ordered,reduced,New_Old_Def,models/ordered/ordered_LSTM_400_80m_b_11-d0.2.pt,0.8151130676269531
def,ordered,reduced,New_Old_Def,models/ordered/ordered_LSTM_400_80m_c_12-d0.2.pt,0.45305633544921875
def,ordered,reduced,New_Old_Def,models/ordered/ordered_LSTM_400_80m_d_13-d0.2.pt,0.14873886108398438
def,ordered,reduced,New_Old_Def,models/ordered/ordered_LSTM_400_80m_e_14-d0.2.pt,0.3602790832519531
def,shuffled,reduced,New_Indef_Def,models/shuffled/shuffled_LSTM_400_80m_a_10-d0.2.pt,-0.009807586669921875
def,shuffled,reduced,New_Indef_Def,models/shuffled/shuffled_LSTM_400_80m_b_11-d0.2.pt,0.007327556610107422
def,shuffled,reduced,New_Indef_Def,models/shuffled/shuffled_LSTM_400_80m_c_12-d0.2.pt,0.37694644927978516
def,shuffled,reduced,New_Indef_Def,models/shuffled/shuffled_LSTM_400_80m_d_13-d0.2.pt,1.2052640914916992
def,shuffled,reduced,New_Indef_Def,models/shuffled/shuffled_LSTM_400_80m_e_14-d0.2.pt,2.66151762008667
def,ordered,reduced,New_Indef_Def,models/ordered/ordered_LSTM_400_80m_a_10-d0.2.pt,1.6456117630004883
def,ordered,reduced,New_Indef_Def,models/ordered/ordered_LSTM_400_80m_b_11-d0.2.pt,2.6192245483398438
def,ordered,reduced,New_Indef_Def,models/ordered/ordered_LSTM_400_80m_c_12-d0.2.pt,1.785506248474121
def,ordered,reduced,New_Indef_Def,models/ordered/ordered_LSTM_400_80m_d_13-d0.2.pt,1.0547237396240234
def,ordered,reduced,New_Indef_Def,models/ordered/ordered_LSTM_400_80m_e_14-d0.2.pt,1.7217483520507812
def,shuffled,unreduced,New_Old_Def,models/shuffled/shuffled_LSTM_400_80m_a_10-d0.2.pt,-0.001687765121459961
def,shuffled,unreduced,New_Old_Def,models/shuffled/shuffled_LSTM_400_80m_b_11-d0.2.pt,-4.1604042053222656e-05
def,shuffled,unreduced,New_Old_Def,models/shuffled/shuffled_LSTM_400_80m_c_12-d0.2.pt,0.01239025592803955
def,shuffled,unreduced,New_Old_Def,models/shuffled/shuffled_LSTM_400_80m_d_13-d0.2.pt,-0.004267692565917969
def,shuffled,unreduced,New_Old_Def,models/shuffled/shuffled_LSTM_400_80m_e_14-d0.2.pt,-0.003509044647216797
def,ordered,unreduced,New_Old_Def,models/ordered/ordered_LSTM_400_80m_a_10-d0.2.pt,0.4016602039337158
def,ordered,unreduced,New_Old_Def,models/ordered/ordered_LSTM_400_80m_b_11-d0.2.pt,0.7867538928985596
def,ordered,unreduced,New_Old_Def,models/ordered/ordered_LSTM_400_80m_c_12-d0.2.pt,0.29389679431915283
def,ordered,unreduced,New_Old_Def,models/ordered/ordered_LSTM_400_80m_d_13-d0.2.pt,0.461564302444458
def,ordered,unreduced,New_Old_Def,models/ordered/ordered_LSTM_400_80m_e_14-d0.2.pt,0.8722274303436279
def,shuffled,unreduced,New_Indef_Def,models/shuffled/shuffled_LSTM_400_80m_a_10-d0.2.pt,2.551344633102417
def,shuffled,unreduced,New_Indef_Def,models/shuffled/shuffled_LSTM_400_80m_b_11-d0.2.pt,2.0265567302703857
def,shuffled,unreduced,New_Indef_Def,models/shuffled/shuffled_LSTM_400_80m_c_12-d0.2.pt,1.8172821998596191
def,shuffled,unreduced,New_Indef_Def,models/shuffled/shuffled_LSTM_400_80m_d_13-d0.2.pt,2.4291703701019287
def,shuffled,unreduced,New_Indef_Def,models/shuffled/shuffled_LSTM_400_80m_e_14-d0.2.pt,0.78662109375
def,ordered,unreduced,New_Indef_Def,models/ordered/ordered_LSTM_400_80m_a_10-d0.2.pt,1.9768378734588623
def,ordered,unreduced,New_Indef_Def,models/ordered/ordered_LSTM_400_80m_b_11-d0.2.pt,2.0289669036865234
def,ordered,unreduced,New_Indef_Def,models/ordered/ordered_LSTM_400_80m_c_12-d0.2.pt,1.8583663702011108
def,ordered,unreduced,New_Indef_Def,models/ordered/ordered_LSTM_400_80m_d_13-d0.2.pt,2.229610323905945
def,ordered,unreduced,New_Indef_Def,models/ordered/ordered_LSTM_400_80m_e_14-d0.2.pt,1.956288456916809
def,shuffled,reduced,New_Old_Def,models/shuffled/shuffled_LSTM_400_80m_a_10-d0.2.pt,0.015396833419799805
def,shuffled,reduced,New_Old_Def,models/shuffled/shuffled_LSTM_400_80m_b_11-d0.2.pt,0.008820533752441406
def,shuffled,reduced,New_Old_Def,models/shuffled/shuffled_LSTM_400_80m_c_12-d0.2.pt,0.008159756660461426
def,shuffled,reduced,New_Old_Def,models/shuffled/shuffled_LSTM_400_80m_d_13-d0.2.pt,0.013023018836975098
def,shuffled,reduced,New_Old_Def,models/shuffled/shuffled_LSTM_400_80m_e_14-d0.2.pt,-0.04209244251251221
def,ordered,reduced,New_Old_Def,models/ordered/ordered_LSTM_400_80m_a_10-d0.2.pt,-0.12052834033966064
def,ordered,reduced,New_Old_Def,models/ordered/ordered_LSTM_400_80m_b_11-d0.2.pt,0.6441174745559692
def,ordered,reduced,New_Old_Def,models/ordered/ordered_LSTM_400_80m_c_12-d0.2.pt,0.10029876232147217
def,ordered,reduced,New_Old_Def,models/ordered/ordered_LSTM_400_80m_d_13-d0.2.pt,-0.18022418022155762
def,ordered,reduced,New_Old_Def,models/ordered/ordered_LSTM_400_80m_e_14-d0.2.pt,-0.07286369800567627
def,shuffled,reduced,New_Indef_Def,models/shuffled/shuffled_LSTM_400_80m_a_10-d0.2.pt,1.0869123935699463
def,shuffled,reduced,New_Indef_Def,models/shuffled/shuffled_LSTM_400_80m_b_11-d0.2.pt,-1.1659443378448486
def,shuffled,reduced,New_Indef_Def,models/shuffled/shuffled_LSTM_400_80m_c_12-d0.2.pt,1.1525917053222656
def,shuffled,reduced,New_Indef_Def,models/shuffled/shuffled_LSTM_400_80m_d_13-d0.2.pt,4.228894352912903
def,shuffled,reduced,New_Indef_Def,models/shuffled/shuffled_LSTM_400_80m_e_14-d0.2.pt,0.1463031768798828
def,ordered,reduced,New_Indef_Def,models/ordered/ordered_LSTM_400_80m_a_10-d0.2.pt,1.5213011503219604
def,ordered,reduced,New_Indef_Def,models/ordered/ordered_LSTM_400_80m_b_11-d0.2.pt,2.26461923122406
def,ordered,reduced,New_Indef_Def,models/ordered/ordered_LSTM_400_80m_c_12-d0.2.pt,2.8589237928390503
def,ordered,reduced,New_Indef_Def,models/ordered/ordered_LSTM_400_80m_d_13-d0.2.pt,-0.2507505416870117
def,ordered,reduced,New_Indef_Def,models/ordered/ordered_LSTM_400_80m_e_14-d0.2.pt,0.9010001420974731
def,shuffled,unreduced,New_Old_Def,models/shuffled/shuffled_LSTM_400_80m_a_10-d0.2.pt,-0.003494739532470703
def,shuffled,unreduced,New_Old_Def,models/shuffled/shuffled_LSTM_400_80m_b_11-d0.2.pt,-0.004151701927185059
def,shuffled,unreduced,New_Old_Def,models/shuffled/shuffled_LSTM_400_80m_c_12-d0.2.pt,-0.004258155822753906
def,shuffled,unreduced,New_Old_Def,models/shuffled/shuffled_LSTM_400_80m_d_13-d0.2.pt,0.0018748044967651367
def,shuffled,unreduced,New_Old_Def,models/shuffled/shuffled_LSTM_400_80m_e_14-d0.2.pt,-0.005221724510192871
def,ordered,unreduced,New_Old_Def,models/ordered/ordered_LSTM_400_80m_a_10-d0.2.pt,-0.07691586017608643
def,ordered,unreduced,New_Old_Def,models/ordered/ordered_LSTM_400_80m_b_11-d0.2.pt,0.45079827308654785
def,ordered,unreduced,New_Old_Def,models/ordered/ordered_LSTM_400_80m_c_12-d0.2.pt,0.19043773412704468
def,ordered,unreduced,New_Old_Def,models/ordered/ordered_LSTM_400_80m_d_13-d0.2.pt,0.12161433696746826
def,ordered,unreduced,New_Old_Def,models/ordered/ordered_LSTM_400_80m_e_14-d0.2.pt,0.31093859672546387
def,shuffled,unreduced,New_Indef_Def,models/shuffled/shuffled_LSTM_400_80m_a_10-d0.2.pt,-0.3613419532775879
def,shuffled,unreduced,New_Indef_Def,models/shuffled/shuffled_LSTM_400_80m_b_11-d0.2.pt,0.9641745090484619
def,shuffled,unreduced,New_Indef_Def,models/shuffled/shuffled_LSTM_400_80m_c_12-d0.2.pt,-0.046463072299957275
def,shuffled,unreduced,New_Indef_Def,models/shuffled/shuffled_LSTM_400_80m_d_13-d0.2.pt,2.7486519813537598
def,shuffled,unreduced,New_Indef_Def,models/shuffled/shuffled_LSTM_400_80m_e_14-d0.2.pt,-0.271889865398407
def,ordered,unreduced,New_Indef_Def,models/ordered/ordered_LSTM_400_80m_a_10-d0.2.pt,-0.11434072256088257
def,ordered,unreduced,New_Indef_Def,models/ordered/ordered_LSTM_400_80m_b_11-d0.2.pt,-0.4620763063430786
def,ordered,unreduced,New_Indef_Def,models/ordered/ordered_LSTM_400_80m_c_12-d0.2.pt,0.5620602965354919
def,ordered,unreduced,New_Indef_Def,models/ordered/ordered_LSTM_400_80m_d_13-d0.2.pt,0.8132725954055786
def,ordered,unreduced,New_Indef_Def,models/ordered/ordered_LSTM_400_80m_e_14-d0.2.pt,1.7978242635726929
def,shuffled,reduced,New_Old_Def,models/shuffled/shuffled_LSTM_400_80m_a_10-d0.2.pt,-0.0065326690673828125
def,shuffled,reduced,New_Old_Def,models/shuffled/shuffled_LSTM_400_80m_b_11-d0.2.pt,0.004047393798828125
def,shuffled,reduced,New_Old_Def,models/shuffled/shuffled_LSTM_400_80m_c_12-d0.2.pt,-0.0033516883850097656
def,shuffled,reduced,New_Old_Def,models/shuffled/shuffled_LSTM_400_80m_d_13-d0.2.pt,-0.011853694915771484
def,shuffled,reduced,New_Old_Def,models/shuffled/shuffled_LSTM_400_80m_e_14-d0.2.pt,-0.02331686019897461
def,ordered,reduced,New_Old_Def,models/ordered/ordered_LSTM_400_80m_a_10-d0.2.pt,0.16443920135498047
def,ordered,reduced,New_Old_Def,models/ordered/ordered_LSTM_400_80m_b_11-d0.2.pt,-0.1710362434387207
def,ordered,reduced,New_Old_Def,models/ordered/ordered_LSTM_400_80m_c_12-d0.2.pt,0.5284099578857422
def,ordered,reduced,New_Old_Def,models/ordered/ordered_LSTM_400_80m_d_13-d0.2.pt,0.8022785186767578
def,ordered,reduced,New_Old_Def,models/ordered/ordered_LSTM_400_80m_e_14-d0.2.pt,-0.6755006313323975
def,shuffled,reduced,New_Indef_Def,models/shuffled/shuffled_LSTM_400_80m_a_10-d0.2.pt,0.21245956420898438
def,shuffled,reduced,New_Indef_Def,models/shuffled/shuffled_LSTM_400_80m_b_11-d0.2.pt,-0.6934185028076172
def,shuffled,reduced,New_Indef_Def,models/shuffled/shuffled_LSTM_400_80m_c_12-d0.2.pt,0.9462695121765137
def,shuffled,reduced,New_Indef_Def,models/shuffled/shuffled_LSTM_400_80m_d_13-d0.2.pt,4.178265571594238
def,shuffled,reduced,New_Indef_Def,models/shuffled/shuffled_LSTM_400_80m_e_14-d0.2.pt,2.3805575370788574
def,ordered,reduced,New_Indef_Def,models/ordered/ordered_LSTM_400_80m_a_10-d0.2.pt,0.7551164627075195
def,ordered,reduced,New_Indef_Def,models/ordered/ordered_LSTM_400_80m_b_11-d0.2.pt,3.647329807281494
def,ordered,reduced,New_Indef_Def,models/ordered/ordered_LSTM_400_80m_c_12-d0.2.pt,1.576408863067627
def,ordered,reduced,New_Indef_Def,models/ordered/ordered_LSTM_400_80m_d_13-d0.2.pt,1.3155317306518555
def,ordered,reduced,New_Indef_Def,models/ordered/ordered_LSTM_400_80m_e_14-d0.2.pt,2.959584951400757
def,shuffled,unreduced,New_Old_Def,models/shuffled/shuffled_LSTM_400_80m_a_10-d0.2.pt,-0.006915092468261719
def,shuffled,unreduced,New_Old_Def,models/shuffled/shuffled_LSTM_400_80m_b_11-d0.2.pt,-0.004883766174316406
def,shuffled,unreduced,New_Old_Def,models/shuffled/shuffled_LSTM_400_80m_c_12-d0.2.pt,-0.0014801025390625
def,shuffled,unreduced,New_Old_Def,models/shuffled/shuffled_LSTM_400_80m_d_13-d0.2.pt,-0.01854085922241211
def,shuffled,unreduced,New_Old_Def,models/shuffled/shuffled_LSTM_400_80m_e_14-d0.2.pt,-0.009404659271240234
def,ordered,unreduced,New_Old_Def,models/ordered/ordered_LSTM_400_80m_a_10-d0.2.pt,0.5597271919250488
def,ordered,unreduced,New_Old_Def,models/ordered/ordered_LSTM_400_80m_b_11-d0.2.pt,-0.08705472946166992
def,ordered,unreduced,New_Old_Def,models/ordered/ordered_LSTM_400_80m_c_12-d0.2.pt,0.7920851707458496
def,ordered,unreduced,New_Old_Def,models/ordered/ordered_LSTM_400_80m_d_13-d0.2.pt,0.7508230209350586
def,ordered,unreduced,New_Old_Def,models/ordered/ordered_LSTM_400_80m_e_14-d0.2.pt,-0.33624935150146484
def,shuffled,unreduced,New_Indef_Def,models/shuffled/shuffled_LSTM_400_80m_a_10-d0.2.pt,1.016580581665039
def,shuffled,unreduced,New_Indef_Def,models/shuffled/shuffled_LSTM_400_80m_b_11-d0.2.pt,-0.053174495697021484
def,shuffled,unreduced,New_Indef_Def,models/shuffled/shuffled_LSTM_400_80m_c_12-d0.2.pt,0.6084742546081543
def,shuffled,unreduced,New_Indef_Def,models/shuffled/shuffled_LSTM_400_80m_d_13-d0.2.pt,0.3576836585998535
def,shuffled,unreduced,New_Indef_Def,models/shuffled/shuffled_LSTM_400_80m_e_14-d0.2.pt,1.4704351425170898
def,ordered,unreduced,New_Indef_Def,models/ordered/ordered_LSTM_400_80m_a_10-d0.2.pt,0.5938825607299805
def,ordered,unreduced,New_Indef_Def,models/ordered/ordered_LSTM_400_80m_b_11-d0.2.pt,1.1605572700500488
def,ordered,unreduced,New_Indef_Def,models/ordered/ordered_LSTM_400_80m_c_12-d0.2.pt,0.8221149444580078
def,ordered,unreduced,New_Indef_Def,models/ordered/ordered_LSTM_400_80m_d_13-d0.2.pt,-0.3078913688659668
def,ordered,unreduced,New_Indef_Def,models/ordered/ordered_LSTM_400_80m_e_14-d0.2.pt,1.2351360321044922
def,shuffled,reduced,New_Old_Def,models/shuffled/shuffled_LSTM_400_80m_a_10-d0.2.pt,0.0176849365234375
def,shuffled,reduced,New_Old_Def,models/shuffled/shuffled_LSTM_400_80m_b_11-d0.2.pt,-0.025594711303710938
def,shuffled,reduced,New_Old_Def,models/shuffled/shuffled_LSTM_400_80m_c_12-d0.2.pt,-0.021636962890625
def,shuffled,reduced,New_Old_Def,models/shuffled/shuffled_LSTM_400_80m_d_13-d0.2.pt,-0.019225120544433594
def,shuffled,reduced,New_Old_Def,models/shuffled/shuffled_LSTM_400_80m_e_14-d0.2.pt,-0.0022735595703125
def,ordered,reduced,New_Old_Def,models/ordered/ordered_LSTM_400_80m_a_10-d0.2.pt,-0.36834239959716797
def,ordered,reduced,New_Old_Def,models/ordered/ordered_LSTM_400_80m_b_11-d0.2.pt,-0.038100242614746094
def,ordered,reduced,New_Old_Def,models/ordered/ordered_LSTM_400_80m_c_12-d0.2.pt,0.22094058990478516
def,ordered,reduced,New_Old_Def,models/ordered/ordered_LSTM_400_80m_d_13-d0.2.pt,0.7865972518920898
def,ordered,reduced,New_Old_Def,models/ordered/ordered_LSTM_400_80m_e_14-d0.2.pt,-0.3196592330932617
def,shuffled,reduced,New_Indef_Def,models/shuffled/shuffled_LSTM_400_80m_a_10-d0.2.pt,0.20029449462890625
def,shuffled,reduced,New_Indef_Def,models/shuffled/shuffled_LSTM_400_80m_b_11-d0.2.pt,-1.1291685104370117
def,shuffled,reduced,New_Indef_Def,models/shuffled/shuffled_LSTM_400_80m_c_12-d0.2.pt,-1.2738866806030273
def,shuffled,reduced,New_Indef_Def,models/shuffled/shuffled_LSTM_400_80m_d_13-d0.2.pt,1.2806806564331055
def,shuffled,reduced,New_Indef_Def,models/shuffled/shuffled_LSTM_400_80m_e_14-d0.2.pt,-0.8884983062744141
def,ordered,reduced,New_Indef_Def,models/ordered/ordered_LSTM_400_80m_a_10-d0.2.pt,-0.7342662811279297
def,ordered,reduced,New_Indef_Def,models/ordered/ordered_LSTM_400_80m_b_11-d0.2.pt,-2.023434638977051
def,ordered,reduced,New_Indef_Def,models/ordered/ordered_LSTM_400_80m_c_12-d0.2.pt,-0.26788997650146484
def,ordered,reduced,New_Indef_Def,models/ordered/ordered_LSTM_400_80m_d_13-d0.2.pt,-1.658888816833496
def,ordered,reduced,New_Indef_Def,models/ordered/ordered_LSTM_400_80m_e_14-d0.2.pt,-0.5805225372314453
def,shuffled,unreduced,New_Old_Def,models/shuffled/shuffled_LSTM_400_80m_a_10-d0.2.pt,0.006867170333862305
def,shuffled,unreduced,New_Old_Def,models/shuffled/shuffled_LSTM_400_80m_b_11-d0.2.pt,-0.012987375259399414
def,shuffled,unreduced,New_Old_Def,models/shuffled/shuffled_LSTM_400_80m_c_12-d0.2.pt,-0.0017924308776855469
def,shuffled,unreduced,New_Old_Def,models/shuffled/shuffled_LSTM_400_80m_d_13-d0.2.pt,0.006083011627197266
def,shuffled,unreduced,New_Old_Def,models/shuffled/shuffled_LSTM_400_80m_e_14-d0.2.pt,-0.013513565063476562
def,ordered,unreduced,New_Old_Def,models/ordered/ordered_LSTM_400_80m_a_10-d0.2.pt,-0.17001581192016602
def,ordered,unreduced,New_Old_Def,models/ordered/ordered_LSTM_400_80m_b_11-d0.2.pt,-0.0720064640045166
def,ordered,unreduced,New_Old_Def,models/ordered/ordered_LSTM_400_80m_c_12-d0.2.pt,0.2356112003326416
def,ordered,unreduced,New_Old_Def,models/ordered/ordered_LSTM_400_80m_d_13-d0.2.pt,0.4894232749938965
def,ordered,unreduced,New_Old_Def,models/ordered/ordered_LSTM_400_80m_e_14-d0.2.pt,0.11119914054870605
def,shuffled,unreduced,New_Indef_Def,models/shuffled/shuffled_LSTM_400_80m_a_10-d0.2.pt,0.18220114707946777
def,shuffled,unreduced,New_Indef_Def,models/shuffled/shuffled_LSTM_400_80m_b_11-d0.2.pt,-0.3104665279388428
def,shuffled,unreduced,New_Indef_Def,models/shuffled/shuffled_LSTM_400_80m_c_12-d0.2.pt,-0.9228930473327637
def,shuffled,unreduced,New_Indef_Def,models/shuffled/shuffled_LSTM_400_80m_d_13-d0.2.pt,0.6763911247253418
def,shuffled,unreduced,New_Indef_Def,models/shuffled/shuffled_LSTM_400_80m_e_14-d0.2.pt,-0.04654121398925781
def,ordered,unreduced,New_Indef_Def,models/ordered/ordered_LSTM_400_80m_a_10-d0.2.pt,-0.009069681167602539
def,ordered,unreduced,New_Indef_Def,models/ordered/ordered_LSTM_400_80m_b_11-d0.2.pt,-0.6483402252197266
def,ordered,unreduced,New_Indef_Def,models/ordered/ordered_LSTM_400_80m_c_12-d0.2.pt,0.6153438091278076
def,ordered,unreduced,New_Indef_Def,models/ordered/ordered_LSTM_400_80m_d_13-d0.2.pt,-1.0955936908721924
def,ordered,unreduced,New_Indef_Def,models/ordered/ordered_LSTM_400_80m_e_14-d0.2.pt,0.3493833541870117
def,shuffled,reduced,New_Old_Def,models/shuffled/shuffled_LSTM_400_80m_a_10-d0.2.pt,-0.0013985633850097656
def,shuffled,reduced,New_Old_Def,models/shuffled/shuffled_LSTM_400_80m_b_11-d0.2.pt,-0.005992889404296875
def,shuffled,reduced,New_Old_Def,models/shuffled/shuffled_LSTM_400_80m_c_12-d0.2.pt,-0.0062923431396484375
def,shuffled,reduced,New_Old_Def,models/shuffled/shuffled_LSTM_400_80m_d_13-d0.2.pt,-0.04534006118774414
def,shuffled,reduced,New_Old_Def,models/shuffled/shuffled_LSTM_400_80m_e_14-d0.2.pt,0.016449451446533203
def,ordered,reduced,New_Old_Def,models/ordered/ordered_LSTM_400_80m_a_10-d0.2.pt,-0.7813825607299805
def,ordered,reduced,New_Old_Def,models/ordered/ordered_LSTM_400_80m_b_11-d0.2.pt,-0.6086163520812988
def,ordered,reduced,New_Old_Def,models/ordered/ordered_LSTM_400_80m_c_12-d0.2.pt,-0.4626774787902832
def,ordered,reduced,New_Old_Def,models/ordered/ordered_LSTM_400_80m_d_13-d0.2.pt,-0.6983213424682617
def,ordered,reduced,New_Old_Def,models/ordered/ordered_LSTM_400_80m_e_14-d0.2.pt,-0.799628734588623
def,shuffled,reduced,New_Indef_Def,models/shuffled/shuffled_LSTM_400_80m_a_10-d0.2.pt,-1.3625140190124512
def,shuffled,reduced,New_Indef_Def,models/shuffled/shuffled_LSTM_400_80m_b_11-d0.2.pt,0.17506074905395508
def,shuffled,reduced,New_Indef_Def,models/shuffled/shuffled_LSTM_400_80m_c_12-d0.2.pt,1.948594093322754
def,shuffled,reduced,New_Indef_Def,models/shuffled/shuffled_LSTM_400_80m_d_13-d0.2.pt,-0.2886819839477539
def,shuffled,reduced,New_Indef_Def,models/shuffled/shuffled_LSTM_400_80m_e_14-d0.2.pt,0.5847973823547363
def,ordered,reduced,New_Indef_Def,models/ordered/ordered_LSTM_400_80m_a_10-d0.2.pt,1.021186351776123
def,ordered,reduced,New_Indef_Def,models/ordered/ordered_LSTM_400_80m_b_11-d0.2.pt,1.1628456115722656
def,ordered,reduced,New_Indef_Def,models/ordered/ordered_LSTM_400_80m_c_12-d0.2.pt,0.7042989730834961
def,ordered,reduced,New_Indef_Def,models/ordered/ordered_LSTM_400_80m_d_13-d0.2.pt,1.1038007736206055
def,ordered,reduced,New_Indef_Def,models/ordered/ordered_LSTM_400_80m_e_14-d0.2.pt,0.8015170097351074
def,shuffled,unreduced,New_Old_Def,models/shuffled/shuffled_LSTM_400_80m_a_10-d0.2.pt,-0.002687692642211914
def,shuffled,unreduced,New_Old_Def,models/shuffled/shuffled_LSTM_400_80m_b_11-d0.2.pt,0.003937482833862305
def,shuffled,unreduced,New_Old_Def,models/shuffled/shuffled_LSTM_400_80m_c_12-d0.2.pt,-0.006402254104614258
def,shuffled,unreduced,New_Old_Def,models/shuffled/shuffled_LSTM_400_80m_d_13-d0.2.pt,-0.00573420524597168
def,shuffled,unreduced,New_Old_Def,models/shuffled/shuffled_LSTM_400_80m_e_14-d0.2.pt,0.0001366138458251953
def,ordered,unreduced,New_Old_Def,models/ordered/ordered_LSTM_400_80m_a_10-d0.2.pt,-0.5098998546600342
def,ordered,unreduced,New_Old_Def,models/ordered/ordered_LSTM_400_80m_b_11-d0.2.pt,-0.5967481136322021
def,ordered,unreduced,New_Old_Def,models/ordered/ordered_LSTM_400_80m_c_12-d0.2.pt,-0.3013346195220947
def,ordered,unreduced,New_Old_Def,models/ordered/ordered_LSTM_400_80m_d_13-d0.2.pt,-0.6772556304931641
def,ordered,unreduced,New_Old_Def,models/ordered/ordered_LSTM_400_80m_e_14-d0.2.pt,-0.4330027103424072
def,shuffled,unreduced,New_Indef_Def,models/shuffled/shuffled_LSTM_400_80m_a_10-d0.2.pt,1.2065584659576416
def,shuffled,unreduced,New_Indef_Def,models/shuffled/shuffled_LSTM_400_80m_b_11-d0.2.pt,1.378614902496338
def,shuffled,unreduced,New_Indef_Def,models/shuffled/shuffled_LSTM_400_80m_c_12-d0.2.pt,1.3395674228668213
def,shuffled,unreduced,New_Indef_Def,models/shuffled/shuffled_LSTM_400_80m_d_13-d0.2.pt,1.376842737197876
def,shuffled,unreduced,New_Indef_Def,models/shuffled/shuffled_LSTM_400_80m_e_14-d0.2.pt,2.0245604515075684
def,ordered,unreduced,New_Indef_Def,models/ordered/ordered_LSTM_400_80m_a_10-d0.2.pt,3.114424467086792
def,ordered,unreduced,New_Indef_Def,models/ordered/ordered_LSTM_400_80m_b_11-d0.2.pt,1.3429901599884033
def,ordered,unreduced,New_Indef_Def,models/ordered/ordered_LSTM_400_80m_c_12-d0.2.pt,1.8136613368988037
def,ordered,unreduced,New_Indef_Def,models/ordered/ordered_LSTM_400_80m_d_13-d0.2.pt,2.742490291595459
def,ordered,unreduced,New_Indef_Def,models/ordered/ordered_LSTM_400_80m_e_14-d0.2.pt,2.0278217792510986
def,shuffled,reduced,New_Old_Def,models/shuffled/shuffled_LSTM_400_80m_a_10-d0.2.pt,0.0031995773315429688
def,shuffled,reduced,New_Old_Def,models/shuffled/shuffled_LSTM_400_80m_b_11-d0.2.pt,-0.015045166015625
def,shuffled,reduced,New_Old_Def,models/shuffled/shuffled_LSTM_400_80m_c_12-d0.2.pt,0.02412128448486328
def,shuffled,reduced,New_Old_Def,models/shuffled/shuffled_LSTM_400_80m_d_13-d0.2.pt,-0.010416507720947266
def,shuffled,reduced,New_Old_Def,models/shuffled/shuffled_LSTM_400_80m_e_14-d0.2.pt,-0.007616996765136719
def,ordered,reduced,New_Old_Def,models/ordered/ordered_LSTM_400_80m_a_10-d0.2.pt,0.4293365478515625
def,ordered,reduced,New_Old_Def,models/ordered/ordered_LSTM_400_80m_b_11-d0.2.pt,0.6436853408813477
def,ordered,reduced,New_Old_Def,models/ordered/ordered_LSTM_400_80m_c_12-d0.2.pt,0.6333208084106445
def,ordered,reduced,New_Old_Def,models/ordered/ordered_LSTM_400_80m_d_13-d0.2.pt,-0.14489984512329102
def,ordered,reduced,New_Old_Def,models/ordered/ordered_LSTM_400_80m_e_14-d0.2.pt,0.4474973678588867
def,shuffled,reduced,New_Indef_Def,models/shuffled/shuffled_LSTM_400_80m_a_10-d0.2.pt,-1.122960090637207
def,shuffled,reduced,New_Indef_Def,models/shuffled/shuffled_LSTM_400_80m_b_11-d0.2.pt,-0.10773563385009766
def,shuffled,reduced,New_Indef_Def,models/shuffled/shuffled_LSTM_400_80m_c_12-d0.2.pt,-0.4209928512573242
def,shuffled,reduced,New_Indef_Def,models/shuffled/shuffled_LSTM_400_80m_d_13-d0.2.pt,-0.15070772171020508
def,shuffled,reduced,New_Indef_Def,models/shuffled/shuffled_LSTM_400_80m_e_14-d0.2.pt,0.9929790496826172
def,ordered,reduced,New_Indef_Def,models/ordered/ordered_LSTM_400_80m_a_10-d0.2.pt,-0.19287681579589844
def,ordered,reduced,New_Indef_Def,models/ordered/ordered_LSTM_400_80m_b_11-d0.2.pt,-0.18339014053344727
def,ordered,reduced,New_Indef_Def,models/ordered/ordered_LSTM_400_80m_c_12-d0.2.pt,-0.7233676910400391
def,ordered,reduced,New_Indef_Def,models/ordered/ordered_LSTM_400_80m_d_13-d0.2.pt,-0.28632402420043945
def,ordered,reduced,New_Indef_Def,models/ordered/ordered_LSTM_400_80m_e_14-d0.2.pt,1.1068191528320312
def,shuffled,unreduced,New_Old_Def,models/shuffled/shuffled_LSTM_400_80m_a_10-d0.2.pt,0.012743234634399414
def,shuffled,unreduced,New_Old_Def,models/shuffled/shuffled_LSTM_400_80m_b_11-d0.2.pt,0.003912687301635742
def,shuffled,unreduced,New_Old_Def,models/shuffled/shuffled_LSTM_400_80m_c_12-d0.2.pt,0.008689165115356445
def,shuffled,unreduced,New_Old_Def,models/shuffled/shuffled_LSTM_400_80m_d_13-d0.2.pt,0.001852273941040039
def,shuffled,unreduced,New_Old_Def,models/shuffled/shuffled_LSTM_400_80m_e_14-d0.2.pt,0.0026607513427734375
def,ordered,unreduced,New_Old_Def,models/ordered/ordered_LSTM_400_80m_a_10-d0.2.pt,0.5279126167297363
def,ordered,unreduced,New_Old_Def,models/ordered/ordered_LSTM_400_80m_b_11-d0.2.pt,0.56736159324646
def,ordered,unreduced,New_Old_Def,models/ordered/ordered_LSTM_400_80m_c_12-d0.2.pt,0.5845814943313599
def,ordered,unreduced,New_Old_Def,models/ordered/ordered_LSTM_400_80m_d_13-d0.2.pt,0.3666675090789795
def,ordered,unreduced,New_Old_Def,models/ordered/ordered_LSTM_400_80m_e_14-d0.2.pt,0.6145411729812622
def,shuffled,unreduced,New_Indef_Def,models/shuffled/shuffled_LSTM_400_80m_a_10-d0.2.pt,1.9524612426757812
def,shuffled,unreduced,New_Indef_Def,models/shuffled/shuffled_LSTM_400_80m_b_11-d0.2.pt,1.8437148332595825
def,shuffled,unreduced,New_Indef_Def,models/shuffled/shuffled_LSTM_400_80m_c_12-d0.2.pt,2.6589272022247314
def,shuffled,unreduced,New_Indef_Def,models/shuffled/shuffled_LSTM_400_80m_d_13-d0.2.pt,2.286564588546753
def,shuffled,unreduced,New_Indef_Def,models/shuffled/shuffled_LSTM_400_80m_e_14-d0.2.pt,2.5982766151428223
def,ordered,unreduced,New_Indef_Def,models/ordered/ordered_LSTM_400_80m_a_10-d0.2.pt,1.764100193977356
def,ordered,unreduced,New_Indef_Def,models/ordered/ordered_LSTM_400_80m_b_11-d0.2.pt,1.8303700685501099
def,ordered,unreduced,New_Indef_Def,models/ordered/ordered_LSTM_400_80m_c_12-d0.2.pt,1.5426980257034302
def,ordered,unreduced,New_Indef_Def,models/ordered/ordered_LSTM_400_80m_d_13-d0.2.pt,1.8132452964782715
def,ordered,unreduced,New_Indef_Def,models/ordered/ordered_LSTM_400_80m_e_14-d0.2.pt,1.6258714199066162
def,shuffled,reduced,New_Old_Def,models/shuffled/shuffled_LSTM_400_80m_a_10-d0.2.pt,0.0025568008422851562
def,shuffled,reduced,New_Old_Def,models/shuffled/shuffled_LSTM_400_80m_b_11-d0.2.pt,-0.005290031433105469
def,shuffled,reduced,New_Old_Def,models/shuffled/shuffled_LSTM_400_80m_c_12-d0.2.pt,-0.014006614685058594
def,shuffled,reduced,New_Old_Def,models/shuffled/shuffled_LSTM_400_80m_d_13-d0.2.pt,-0.018157482147216797
def,shuffled,reduced,New_Old_Def,models/shuffled/shuffled_LSTM_400_80m_e_14-d0.2.pt,-0.012526512145996094
def,ordered,reduced,New_Old_Def,models/ordered/ordered_LSTM_400_80m_a_10-d0.2.pt,-0.2171916961669922
def,ordered,reduced,New_Old_Def,models/ordered/ordered_LSTM_400_80m_b_11-d0.2.pt,0.01800680160522461
def,ordered,reduced,New_Old_Def,models/ordered/ordered_LSTM_400_80m_c_12-d0.2.pt,-0.05998992919921875
def,ordered,reduced,New_Old_Def,models/ordered/ordered_LSTM_400_80m_d_13-d0.2.pt,0.0935811996459961
def,ordered,reduced,New_Old_Def,models/ordered/ordered_LSTM_400_80m_e_14-d0.2.pt,0.03161334991455078
def,shuffled,reduced,New_Indef_Def,models/shuffled/shuffled_LSTM_400_80m_a_10-d0.2.pt,-0.4387493133544922
def,shuffled,reduced,New_Indef_Def,models/shuffled/shuffled_LSTM_400_80m_b_11-d0.2.pt,-0.8729887008666992
def,shuffled,reduced,New_Indef_Def,models/shuffled/shuffled_LSTM_400_80m_c_12-d0.2.pt,-0.8209676742553711
def,shuffled,reduced,New_Indef_Def,models/shuffled/shuffled_LSTM_400_80m_d_13-d0.2.pt,1.6856794357299805
def,shuffled,reduced,New_Indef_Def,models/shuffled/shuffled_LSTM_400_80m_e_14-d0.2.pt,1.8079657554626465
def,ordered,reduced,New_Indef_Def,models/ordered/ordered_LSTM_400_80m_a_10-d0.2.pt,0.20008087158203125
def,ordered,reduced,New_Indef_Def,models/ordered/ordered_LSTM_400_80m_b_11-d0.2.pt,1.2632617950439453
def,ordered,reduced,New_Indef_Def,models/ordered/ordered_LSTM_400_80m_c_12-d0.2.pt,1.0528287887573242
def,ordered,reduced,New_Indef_Def,models/ordered/ordered_LSTM_400_80m_d_13-d0.2.pt,0.510467529296875
def,ordered,reduced,New_Indef_Def,models/ordered/ordered_LSTM_400_80m_e_14-d0.2.pt,0.20075511932373047
def,shuffled,unreduced,New_Old_Def,models/shuffled/shuffled_LSTM_400_80m_a_10-d0.2.pt,-0.004994630813598633
def,shuffled,unreduced,New_Old_Def,models/shuffled/shuffled_LSTM_400_80m_b_11-d0.2.pt,0.0016508102416992188
def,shuffled,unreduced,New_Old_Def,models/shuffled/shuffled_LSTM_400_80m_c_12-d0.2.pt,-3.3855438232421875e-05
def,shuffled,unreduced,New_Old_Def,models/shuffled/shuffled_LSTM_400_80m_d_13-d0.2.pt,-0.0005714893341064453
def,shuffled,unreduced,New_Old_Def,models/shuffled/shuffled_LSTM_400_80m_e_14-d0.2.pt,9.417533874511719e-05
def,ordered,unreduced,New_Old_Def,models/ordered/ordered_LSTM_400_80m_a_10-d0.2.pt,-0.25524044036865234
def,ordered,unreduced,New_Old_Def,models/ordered/ordered_LSTM_400_80m_b_11-d0.2.pt,-0.07929539680480957
def,ordered,unreduced,New_Old_Def,models/ordered/ordered_LSTM_400_80m_c_12-d0.2.pt,-0.054499030113220215
def,ordered,unreduced,New_Old_Def,models/ordered/ordered_LSTM_400_80m_d_13-d0.2.pt,-0.12149488925933838
def,ordered,unreduced,New_Old_Def,models/ordered/ordered_LSTM_400_80m_e_14-d0.2.pt,-7.05718994140625e-05
def,shuffled,unreduced,New_Indef_Def,models/shuffled/shuffled_LSTM_400_80m_a_10-d0.2.pt,0.13789749145507812
def,shuffled,unreduced,New_Indef_Def,models/shuffled/shuffled_LSTM_400_80m_b_11-d0.2.pt,-0.3588106632232666
def,shuffled,unreduced,New_Indef_Def,models/shuffled/shuffled_LSTM_400_80m_c_12-d0.2.pt,-0.8909199237823486
def,shuffled,unreduced,New_Indef_Def,models/shuffled/shuffled_LSTM_400_80m_d_13-d0.2.pt,-0.6098146438598633
def,shuffled,unreduced,New_Indef_Def,models/shuffled/shuffled_LSTM_400_80m_e_14-d0.2.pt,0.7866795063018799
def,ordered,unreduced,New_Indef_Def,models/ordered/ordered_LSTM_400_80m_a_10-d0.2.pt,-0.9698562622070312
def,ordered,unreduced,New_Indef_Def,models/ordered/ordered_LSTM_400_80m_b_11-d0.2.pt,-0.01589179039001465
def,ordered,unreduced,New_Indef_Def,models/ordered/ordered_LSTM_400_80m_c_12-d0.2.pt,-0.8036367893218994
def,ordered,unreduced,New_Indef_Def,models/ordered/ordered_LSTM_400_80m_d_13-d0.2.pt,0.507672905921936
def,ordered,unreduced,New_Indef_Def,models/ordered/ordered_LSTM_400_80m_e_14-d0.2.pt,-0.3162071704864502
def,shuffled,reduced,New_Old_Def,models/shuffled/shuffled_LSTM_400_80m_a_10-d0.2.pt,-0.02076244354248047
def,shuffled,reduced,New_Old_Def,models/shuffled/shuffled_LSTM_400_80m_b_11-d0.2.pt,0.0039119720458984375
def,shuffled,reduced,New_Old_Def,models/shuffled/shuffled_LSTM_400_80m_c_12-d0.2.pt,0.0092926025390625
def,shuffled,reduced,New_Old_Def,models/shuffled/shuffled_LSTM_400_80m_d_13-d0.2.pt,-0.012810707092285156
def,shuffled,reduced,New_Old_Def,models/shuffled/shuffled_LSTM_400_80m_e_14-d0.2.pt,0.009943008422851562
def,ordered,reduced,New_Old_Def,models/ordered/ordered_LSTM_400_80m_a_10-d0.2.pt,0.2864522933959961
def,ordered,reduced,New_Old_Def,models/ordered/ordered_LSTM_400_80m_b_11-d0.2.pt,0.49475765228271484
def,ordered,reduced,New_Old_Def,models/ordered/ordered_LSTM_400_80m_c_12-d0.2.pt,0.4300689697265625
def,ordered,reduced,New_Old_Def,models/ordered/ordered_LSTM_400_80m_d_13-d0.2.pt,0.29734230041503906
def,ordered,reduced,New_Old_Def,models/ordered/ordered_LSTM_400_80m_e_14-d0.2.pt,-0.11552858352661133
def,shuffled,reduced,New_Indef_Def,models/shuffled/shuffled_LSTM_400_80m_a_10-d0.2.pt,1.5132708549499512
def,shuffled,reduced,New_Indef_Def,models/shuffled/shuffled_LSTM_400_80m_b_11-d0.2.pt,-0.2334299087524414
def,shuffled,reduced,New_Indef_Def,models/shuffled/shuffled_LSTM_400_80m_c_12-d0.2.pt,1.3570365905761719
def,shuffled,reduced,New_Indef_Def,models/shuffled/shuffled_LSTM_400_80m_d_13-d0.2.pt,0.627528190612793
def,shuffled,reduced,New_Indef_Def,models/shuffled/shuffled_LSTM_400_80m_e_14-d0.2.pt,3.100893974304199
def,ordered,reduced,New_Indef_Def,models/ordered/ordered_LSTM_400_80m_a_10-d0.2.pt,1.6313962936401367
def,ordered,reduced,New_Indef_Def,models/ordered/ordered_LSTM_400_80m_b_11-d0.2.pt,0.3891563415527344
def,ordered,reduced,New_Indef_Def,models/ordered/ordered_LSTM_400_80m_c_12-d0.2.pt,1.9530839920043945
def,ordered,reduced,New_Indef_Def,models/ordered/ordered_LSTM_400_80m_d_13-d0.2.pt,-0.4995384216308594
def,ordered,reduced,New_Indef_Def,models/ordered/ordered_LSTM_400_80m_e_14-d0.2.pt,0.33211421966552734
def,shuffled,unreduced,New_Old_Def,models/shuffled/shuffled_LSTM_400_80m_a_10-d0.2.pt,0.0004661083221435547
def,shuffled,unreduced,New_Old_Def,models/shuffled/shuffled_LSTM_400_80m_b_11-d0.2.pt,0.01393437385559082
def,shuffled,unreduced,New_Old_Def,models/shuffled/shuffled_LSTM_400_80m_c_12-d0.2.pt,0.0012650489807128906
def,shuffled,unreduced,New_Old_Def,models/shuffled/shuffled_LSTM_400_80m_d_13-d0.2.pt,0.00930476188659668
def,shuffled,unreduced,New_Old_Def,models/shuffled/shuffled_LSTM_400_80m_e_14-d0.2.pt,0.0022194385528564453
def,ordered,unreduced,New_Old_Def,models/ordered/ordered_LSTM_400_80m_a_10-d0.2.pt,0.6748993396759033
def,ordered,unreduced,New_Old_Def,models/ordered/ordered_LSTM_400_80m_b_11-d0.2.pt,0.33489012718200684
def,ordered,unreduced,New_Old_Def,models/ordered/ordered_LSTM_400_80m_c_12-d0.2.pt,0.3259124755859375
def,ordered,unreduced,New_Old_Def,models/ordered/ordered_LSTM_400_80m_d_13-d0.2.pt,-0.20683717727661133
def,ordered,unreduced,New_Old_Def,models/ordered/ordered_LSTM_400_80m_e_14-d0.2.pt,-0.13557958602905273
def,shuffled,unreduced,New_Indef_Def,models/shuffled/shuffled_LSTM_400_80m_a_10-d0.2.pt,-0.886284589767456
def,shuffled,unreduced,New_Indef_Def,models/shuffled/shuffled_LSTM_400_80m_b_11-d0.2.pt,0.15381383895874023
def,shuffled,unreduced,New_Indef_Def,models/shuffled/shuffled_LSTM_400_80m_c_12-d0.2.pt,0.49861955642700195
def,shuffled,unreduced,New_Indef_Def,models/shuffled/shuffled_LSTM_400_80m_d_13-d0.2.pt,-0.1764063835144043
def,shuffled,unreduced,New_Indef_Def,models/shuffled/shuffled_LSTM_400_80m_e_14-d0.2.pt,2.2070910930633545
def,ordered,unreduced,New_Indef_Def,models/ordered/ordered_LSTM_400_80m_a_10-d0.2.pt,0.9778571128845215
def,ordered,unreduced,New_Indef_Def,models/ordered/ordered_LSTM_400_80m_b_11-d0.2.pt,0.47386908531188965
def,ordered,unreduced,New_Indef_Def,models/ordered/ordered_LSTM_400_80m_c_12-d0.2.pt,0.6083112955093384
def,ordered,unreduced,New_Indef_Def,models/ordered/ordered_LSTM_400_80m_d_13-d0.2.pt,-0.46580803394317627
def,ordered,unreduced,New_Indef_Def,models/ordered/ordered_LSTM_400_80m_e_14-d0.2.pt,0.44254374504089355
def,shuffled,reduced,New_Old_Def,models/shuffled/shuffled_LSTM_400_80m_a_10-d0.2.pt,-0.011288642883300781
def,shuffled,reduced,New_Old_Def,models/shuffled/shuffled_LSTM_400_80m_b_11-d0.2.pt,-0.0019474029541015625
def,shuffled,reduced,New_Old_Def,models/shuffled/shuffled_LSTM_400_80m_c_12-d0.2.pt,0.011716842651367188
def,shuffled,reduced,New_Old_Def,models/shuffled/shuffled_LSTM_400_80m_d_13-d0.2.pt,0.01858997344970703
def,shuffled,reduced,New_Old_Def,models/shuffled/shuffled_LSTM_400_80m_e_14-d0.2.pt,0.002147197723388672
def,ordered,reduced,New_Old_Def,models/ordered/ordered_LSTM_400_80m_a_10-d0.2.pt,0.5734310150146484
def,ordered,reduced,New_Old_Def,models/ordered/ordered_LSTM_400_80m_b_11-d0.2.pt,0.2666139602661133
def,ordered,reduced,New_Old_Def,models/ordered/ordered_LSTM_400_80m_c_12-d0.2.pt,0.02119159698486328
def,ordered,reduced,New_Old_Def,models/ordered/ordered_LSTM_400_80m_d_13-d0.2.pt,0.5264530181884766
def,ordered,reduced,New_Old_Def,models/ordered/ordered_LSTM_400_80m_e_14-d0.2.pt,-0.006951332092285156
def,shuffled,reduced,New_Indef_Def,models/shuffled/shuffled_LSTM_400_80m_a_10-d0.2.pt,-1.1170434951782227
def,shuffled,reduced,New_Indef_Def,models/shuffled/shuffled_LSTM_400_80m_b_11-d0.2.pt,-0.7861595153808594
def,shuffled,reduced,New_Indef_Def,models/shuffled/shuffled_LSTM_400_80m_c_12-d0.2.pt,-1.808730125427246
def,shuffled,reduced,New_Indef_Def,models/shuffled/shuffled_LSTM_400_80m_d_13-d0.2.pt,-0.4049406051635742
def,shuffled,reduced,New_Indef_Def,models/shuffled/shuffled_LSTM_400_80m_e_14-d0.2.pt,0.4964609146118164
def,ordered,reduced,New_Indef_Def,models/ordered/ordered_LSTM_400_80m_a_10-d0.2.pt,-1.9785728454589844
def,ordered,reduced,New_Indef_Def,models/ordered/ordered_LSTM_400_80m_b_11-d0.2.pt,0.23044872283935547
def,ordered,reduced,New_Indef_Def,models/ordered/ordered_LSTM_400_80m_c_12-d0.2.pt,-0.6408672332763672
def,ordered,reduced,New_Indef_Def,models/ordered/ordered_LSTM_400_80m_d_13-d0.2.pt,-1.2471036911010742
def,ordered,reduced,New_Indef_Def,models/ordered/ordered_LSTM_400_80m_e_14-d0.2.pt,0.30071067810058594
def,shuffled,unreduced,New_Old_Def,models/shuffled/shuffled_LSTM_400_80m_a_10-d0.2.pt,-0.011230945587158203
def,shuffled,unreduced,New_Old_Def,models/shuffled/shuffled_LSTM_400_80m_b_11-d0.2.pt,0.00014102458953857422
def,shuffled,unreduced,New_Old_Def,models/shuffled/shuffled_LSTM_400_80m_c_12-d0.2.pt,0.0022535324096679688
def,shuffled,unreduced,New_Old_Def,models/shuffled/shuffled_LSTM_400_80m_d_13-d0.2.pt,0.0031169652938842773
def,shuffled,unreduced,New_Old_Def,models/shuffled/shuffled_LSTM_400_80m_e_14-d0.2.pt,0.0011826753616333008
def,ordered,unreduced,New_Old_Def,models/ordered/ordered_LSTM_400_80m_a_10-d0.2.pt,0.24087774753570557
def,ordered,unreduced,New_Old_Def,models/ordered/ordered_LSTM_400_80m_b_11-d0.2.pt,0.3362898826599121
def,ordered,unreduced,New_Old_Def,models/ordered/ordered_LSTM_400_80m_c_12-d0.2.pt,0.21206891536712646
def,ordered,unreduced,New_Old_Def,models/ordered/ordered_LSTM_400_80m_d_13-d0.2.pt,0.8043104410171509
def,ordered,unreduced,New_Old_Def,models/ordered/ordered_LSTM_400_80m_e_14-d0.2.pt,0.298075795173645
def,shuffled,unreduced,New_Indef_Def,models/shuffled/shuffled_LSTM_400_80m_a_10-d0.2.pt,-0.3170381784439087
def,shuffled,unreduced,New_Indef_Def,models/shuffled/shuffled_LSTM_400_80m_b_11-d0.2.pt,-1.3083937168121338
def,shuffled,unreduced,New_Indef_Def,models/shuffled/shuffled_LSTM_400_80m_c_12-d0.2.pt,-0.12685120105743408
def,shuffled,unreduced,New_Indef_Def,models/shuffled/shuffled_LSTM_400_80m_d_13-d0.2.pt,1.185707449913025
def,shuffled,unreduced,New_Indef_Def,models/shuffled/shuffled_LSTM_400_80m_e_14-d0.2.pt,-0.5630606412887573
def,ordered,unreduced,New_Indef_Def,models/ordered/ordered_LSTM_400_80m_a_10-d0.2.pt,-0.8881429433822632
def,ordered,unreduced,New_Indef_Def,models/ordered/ordered_LSTM_400_80m_b_11-d0.2.pt,-1.0636762380599976
def,ordered,unreduced,New_Indef_Def,models/ordered/ordered_LSTM_400_80m_c_12-d0.2.pt,-0.16995763778686523
def,ordered,unreduced,New_Indef_Def,models/ordered/ordered_LSTM_400_80m_d_13-d0.2.pt,-0.1481645107269287
def,ordered,unreduced,New_Indef_Def,models/ordered/ordered_LSTM_400_80m_e_14-d0.2.pt,-0.4458245038986206
def,shuffled,reduced,New_Old_Def,models/shuffled/shuffled_LSTM_400_80m_a_10-d0.2.pt,-0.0241851806640625
def,shuffled,reduced,New_Old_Def,models/shuffled/shuffled_LSTM_400_80m_b_11-d0.2.pt,-0.013203620910644531
def,shuffled,reduced,New_Old_Def,models/shuffled/shuffled_LSTM_400_80m_c_12-d0.2.pt,-0.007174491882324219
def,shuffled,reduced,New_Old_Def,models/shuffled/shuffled_LSTM_400_80m_d_13-d0.2.pt,0.0005207061767578125
def,shuffled,reduced,New_Old_Def,models/shuffled/shuffled_LSTM_400_80m_e_14-d0.2.pt,-0.0013818740844726562
def,ordered,reduced,New_Old_Def,models/ordered/ordered_LSTM_400_80m_a_10-d0.2.pt,-0.23575115203857422
def,ordered,reduced,New_Old_Def,models/ordered/ordered_LSTM_400_80m_b_11-d0.2.pt,0.19236469268798828
def,ordered,reduced,New_Old_Def,models/ordered/ordered_LSTM_400_80m_c_12-d0.2.pt,0.21922016143798828
def,ordered,reduced,New_Old_Def,models/ordered/ordered_LSTM_400_80m_d_13-d0.2.pt,-0.6133890151977539
def,ordered,reduced,New_Old_Def,models/ordered/ordered_LSTM_400_80m_e_14-d0.2.pt,0.04009723663330078
def,shuffled,reduced,New_Indef_Def,models/shuffled/shuffled_LSTM_400_80m_a_10-d0.2.pt,0.8172674179077148
def,shuffled,reduced,New_Indef_Def,models/shuffled/shuffled_LSTM_400_80m_b_11-d0.2.pt,-1.0523271560668945
def,shuffled,reduced,New_Indef_Def,models/shuffled/shuffled_LSTM_400_80m_c_12-d0.2.pt,0.07988357543945312
def,shuffled,reduced,New_Indef_Def,models/shuffled/shuffled_LSTM_400_80m_d_13-d0.2.pt,-1.8954830169677734
def,shuffled,reduced,New_Indef_Def,models/shuffled/shuffled_LSTM_400_80m_e_14-d0.2.pt,0.10337448120117188
def,ordered,reduced,New_Indef_Def,models/ordered/ordered_LSTM_400_80m_a_10-d0.2.pt,-0.4150104522705078
def,ordered,reduced,New_Indef_Def,models/ordered/ordered_LSTM_400_80m_b_11-d0.2.pt,1.8729209899902344
def,ordered,reduced,New_Indef_Def,models/ordered/ordered_LSTM_400_80m_c_12-d0.2.pt,1.818634033203125
def,ordered,reduced,New_Indef_Def,models/ordered/ordered_LSTM_400_80m_d_13-d0.2.pt,-1.6323127746582031
def,ordered,reduced,New_Indef_Def,models/ordered/ordered_LSTM_400_80m_e_14-d0.2.pt,-0.16234874725341797
def,shuffled,unreduced,New_Old_Def,models/shuffled/shuffled_LSTM_400_80m_a_10-d0.2.pt,-0.0074558258056640625
def,shuffled,unreduced,New_Old_Def,models/shuffled/shuffled_LSTM_400_80m_b_11-d0.2.pt,-0.009630203247070312
def,shuffled,unreduced,New_Old_Def,models/shuffled/shuffled_LSTM_400_80m_c_12-d0.2.pt,-0.0068836212158203125
def,shuffled,unreduced,New_Old_Def,models/shuffled/shuffled_LSTM_400_80m_d_13-d0.2.pt,0.007634162902832031
def,shuffled,unreduced,New_Old_Def,models/shuffled/shuffled_LSTM_400_80m_e_14-d0.2.pt,-0.004050254821777344
def,ordered,unreduced,New_Old_Def,models/ordered/ordered_LSTM_400_80m_a_10-d0.2.pt,-0.18382835388183594
def,ordered,unreduced,New_Old_Def,models/ordered/ordered_LSTM_400_80m_b_11-d0.2.pt,0.055291175842285156
def,ordered,unreduced,New_Old_Def,models/ordered/ordered_LSTM_400_80m_c_12-d0.2.pt,0.20994281768798828
def,ordered,unreduced,New_Old_Def,models/ordered/ordered_LSTM_400_80m_d_13-d0.2.pt,-0.2060222625732422
def,ordered,unreduced,New_Old_Def,models/ordered/ordered_LSTM_400_80m_e_14-d0.2.pt,0.11990070343017578
def,shuffled,unreduced,New_Indef_Def,models/shuffled/shuffled_LSTM_400_80m_a_10-d0.2.pt,-0.7556896209716797
def,shuffled,unreduced,New_Indef_Def,models/shuffled/shuffled_LSTM_400_80m_b_11-d0.2.pt,0.632476806640625
def,shuffled,unreduced,New_Indef_Def,models/shuffled/shuffled_LSTM_400_80m_c_12-d0.2.pt,-1.1432390213012695
def,shuffled,unreduced,New_Indef_Def,models/shuffled/shuffled_LSTM_400_80m_d_13-d0.2.pt,-1.082296371459961
def,shuffled,unreduced,New_Indef_Def,models/shuffled/shuffled_LSTM_400_80m_e_14-d0.2.pt,-1.697840690612793
def,ordered,unreduced,New_Indef_Def,models/ordered/ordered_LSTM_400_80m_a_10-d0.2.pt,-0.06804275512695312
def,ordered,unreduced,New_Indef_Def,models/ordered/ordered_LSTM_400_80m_b_11-d0.2.pt,-0.9226779937744141
def,ordered,unreduced,New_Indef_Def,models/ordered/ordered_LSTM_400_80m_c_12-d0.2.pt,-1.1133747100830078
def,ordered,unreduced,New_Indef_Def,models/ordered/ordered_LSTM_400_80m_d_13-d0.2.pt,-0.6005301475524902
def,ordered,unreduced,New_Indef_Def,models/ordered/ordered_LSTM_400_80m_e_14-d0.2.pt,-1.627232551574707
def,shuffled,reduced,New_Old_Def,models/shuffled/shuffled_LSTM_400_80m_a_10-d0.2.pt,0.0019261837005615234
def,shuffled,reduced,New_Old_Def,models/shuffled/shuffled_LSTM_400_80m_b_11-d0.2.pt,0.0012955665588378906
def,shuffled,reduced,New_Old_Def,models/shuffled/shuffled_LSTM_400_80m_c_12-d0.2.pt,-0.029938697814941406
def,shuffled,reduced,New_Old_Def,models/shuffled/shuffled_LSTM_400_80m_d_13-d0.2.pt,-0.021628379821777344
def,shuffled,reduced,New_Old_Def,models/shuffled/shuffled_LSTM_400_80m_e_14-d0.2.pt,-0.028699874877929688
def,ordered,reduced,New_Old_Def,models/ordered/ordered_LSTM_400_80m_a_10-d0.2.pt,-0.38428258895874023
def,ordered,reduced,New_Old_Def,models/ordered/ordered_LSTM_400_80m_b_11-d0.2.pt,0.002907276153564453
def,ordered,reduced,New_Old_Def,models/ordered/ordered_LSTM_400_80m_c_12-d0.2.pt,-0.19031500816345215
def,ordered,reduced,New_Old_Def,models/ordered/ordered_LSTM_400_80m_d_13-d0.2.pt,-0.18352985382080078
def,ordered,reduced,New_Old_Def,models/ordered/ordered_LSTM_400_80m_e_14-d0.2.pt,-0.8433432579040527
def,shuffled,reduced,New_Indef_Def,models/shuffled/shuffled_LSTM_400_80m_a_10-d0.2.pt,0.8275556564331055
def,shuffled,reduced,New_Indef_Def,models/shuffled/shuffled_LSTM_400_80m_b_11-d0.2.pt,1.7876415252685547
def,shuffled,reduced,New_Indef_Def,models/shuffled/shuffled_LSTM_400_80m_c_12-d0.2.pt,0.3942880630493164
def,shuffled,reduced,New_Indef_Def,models/shuffled/shuffled_LSTM_400_80m_d_13-d0.2.pt,-0.4935007095336914
def,shuffled,reduced,New_Indef_Def,models/shuffled/shuffled_LSTM_400_80m_e_14-d0.2.pt,0.4403529167175293
def,ordered,reduced,New_Indef_Def,models/ordered/ordered_LSTM_400_80m_a_10-d0.2.pt,1.7748594284057617
def,ordered,reduced,New_Indef_Def,models/ordered/ordered_LSTM_400_80m_b_11-d0.2.pt,1.1254405975341797
def,ordered,reduced,New_Indef_Def,models/ordered/ordered_LSTM_400_80m_c_12-d0.2.pt,5.1513659954071045
def,ordered,reduced,New_Indef_Def,models/ordered/ordered_LSTM_400_80m_d_13-d0.2.pt,-0.8109073638916016
def,ordered,reduced,New_Indef_Def,models/ordered/ordered_LSTM_400_80m_e_14-d0.2.pt,1.3570623397827148
def,shuffled,unreduced,New_Old_Def,models/shuffled/shuffled_LSTM_400_80m_a_10-d0.2.pt,-0.005966544151306152
def,shuffled,unreduced,New_Old_Def,models/shuffled/shuffled_LSTM_400_80m_b_11-d0.2.pt,0.005205750465393066
def,shuffled,unreduced,New_Old_Def,models/shuffled/shuffled_LSTM_400_80m_c_12-d0.2.pt,-0.00335693359375
def,shuffled,unreduced,New_Old_Def,models/shuffled/shuffled_LSTM_400_80m_d_13-d0.2.pt,0.004538536071777344
def,shuffled,unreduced,New_Old_Def,models/shuffled/shuffled_LSTM_400_80m_e_14-d0.2.pt,-0.0009777545928955078
def,ordered,unreduced,New_Old_Def,models/ordered/ordered_LSTM_400_80m_a_10-d0.2.pt,-0.44059669971466064
def,ordered,unreduced,New_Old_Def,models/ordered/ordered_LSTM_400_80m_b_11-d0.2.pt,-0.17826247215270996
def,ordered,unreduced,New_Old_Def,models/ordered/ordered_LSTM_400_80m_c_12-d0.2.pt,-0.4631844758987427
def,ordered,unreduced,New_Old_Def,models/ordered/ordered_LSTM_400_80m_d_13-d0.2.pt,-0.33132219314575195
def,ordered,unreduced,New_Old_Def,models/ordered/ordered_LSTM_400_80m_e_14-d0.2.pt,-0.5199480056762695
def,shuffled,unreduced,New_Indef_Def,models/shuffled/shuffled_LSTM_400_80m_a_10-d0.2.pt,0.5006545782089233
def,shuffled,unreduced,New_Indef_Def,models/shuffled/shuffled_LSTM_400_80m_b_11-d0.2.pt,2.1173818111419678
def,shuffled,unreduced,New_Indef_Def,models/shuffled/shuffled_LSTM_400_80m_c_12-d0.2.pt,0.9321341514587402
def,shuffled,unreduced,New_Indef_Def,models/shuffled/shuffled_LSTM_400_80m_d_13-d0.2.pt,1.8491171598434448
def,shuffled,unreduced,New_Indef_Def,models/shuffled/shuffled_LSTM_400_80m_e_14-d0.2.pt,1.6379954814910889
def,ordered,unreduced,New_Indef_Def,models/ordered/ordered_LSTM_400_80m_a_10-d0.2.pt,1.2469072341918945
def,ordered,unreduced,New_Indef_Def,models/ordered/ordered_LSTM_400_80m_b_11-d0.2.pt,2.2999587059020996
def,ordered,unreduced,New_Indef_Def,models/ordered/ordered_LSTM_400_80m_c_12-d0.2.pt,1.6696919202804565
def,ordered,unreduced,New_Indef_Def,models/ordered/ordered_LSTM_400_80m_d_13-d0.2.pt,0.9671406745910645
def,ordered,unreduced,New_Indef_Def,models/ordered/ordered_LSTM_400_80m_e_14-d0.2.pt,0.36917805671691895
def,shuffled,reduced,New_Old_Def,models/shuffled/shuffled_LSTM_400_80m_a_10-d0.2.pt,0.009857177734375
def,shuffled,reduced,New_Old_Def,models/shuffled/shuffled_LSTM_400_80m_b_11-d0.2.pt,-0.013058662414550781
def,shuffled,reduced,New_Old_Def,models/shuffled/shuffled_LSTM_400_80m_c_12-d0.2.pt,-0.007978439331054688
def,shuffled,reduced,New_Old_Def,models/shuffled/shuffled_LSTM_400_80m_d_13-d0.2.pt,0.0037288665771484375
def,shuffled,reduced,New_Old_Def,models/shuffled/shuffled_LSTM_400_80m_e_14-d0.2.pt,0.0007867813110351562
def,ordered,reduced,New_Old_Def,models/ordered/ordered_LSTM_400_80m_a_10-d0.2.pt,0.26964282989501953
def,ordered,reduced,New_Old_Def,models/ordered/ordered_LSTM_400_80m_b_11-d0.2.pt,0.5284938812255859
def,ordered,reduced,New_Old_Def,models/ordered/ordered_LSTM_400_80m_c_12-d0.2.pt,-0.3649015426635742
def,ordered,reduced,New_Old_Def,models/ordered/ordered_LSTM_400_80m_d_13-d0.2.pt,0.7623023986816406
def,ordered,reduced,New_Old_Def,models/ordered/ordered_LSTM_400_80m_e_14-d0.2.pt,-0.2353038787841797
def,shuffled,reduced,New_Indef_Def,models/shuffled/shuffled_LSTM_400_80m_a_10-d0.2.pt,1.174239158630371
def,shuffled,reduced,New_Indef_Def,models/shuffled/shuffled_LSTM_400_80m_b_11-d0.2.pt,1.3279304504394531
def,shuffled,reduced,New_Indef_Def,models/shuffled/shuffled_LSTM_400_80m_c_12-d0.2.pt,1.5454387664794922
def,shuffled,reduced,New_Indef_Def,models/shuffled/shuffled_LSTM_400_80m_d_13-d0.2.pt,0.6192207336425781
def,shuffled,reduced,New_Indef_Def,models/shuffled/shuffled_LSTM_400_80m_e_14-d0.2.pt,0.7957210540771484
def,ordered,reduced,New_Indef_Def,models/ordered/ordered_LSTM_400_80m_a_10-d0.2.pt,0.7816162109375
def,ordered,reduced,New_Indef_Def,models/ordered/ordered_LSTM_400_80m_b_11-d0.2.pt,1.9934406280517578
def,ordered,reduced,New_Indef_Def,models/ordered/ordered_LSTM_400_80m_c_12-d0.2.pt,0.9967865943908691
def,ordered,reduced,New_Indef_Def,models/ordered/ordered_LSTM_400_80m_d_13-d0.2.pt,-0.5983753204345703
def,ordered,reduced,New_Indef_Def,models/ordered/ordered_LSTM_400_80m_e_14-d0.2.pt,1.0164155960083008
def,shuffled,unreduced,New_Old_Def,models/shuffled/shuffled_LSTM_400_80m_a_10-d0.2.pt,-0.004267692565917969
def,shuffled,unreduced,New_Old_Def,models/shuffled/shuffled_LSTM_400_80m_b_11-d0.2.pt,0.0017467737197875977
def,shuffled,unreduced,New_Old_Def,models/shuffled/shuffled_LSTM_400_80m_c_12-d0.2.pt,-0.006421804428100586
def,shuffled,unreduced,New_Old_Def,models/shuffled/shuffled_LSTM_400_80m_d_13-d0.2.pt,0.0010006427764892578
def,shuffled,unreduced,New_Old_Def,models/shuffled/shuffled_LSTM_400_80m_e_14-d0.2.pt,-0.01371145248413086
def,ordered,unreduced,New_Old_Def,models/ordered/ordered_LSTM_400_80m_a_10-d0.2.pt,0.17877197265625
def,ordered,unreduced,New_Old_Def,models/ordered/ordered_LSTM_400_80m_b_11-d0.2.pt,0.4142268896102905
def,ordered,unreduced,New_Old_Def,models/ordered/ordered_LSTM_400_80m_c_12-d0.2.pt,-0.1519322395324707
def,ordered,unreduced,New_Old_Def,models/ordered/ordered_LSTM_400_80m_d_13-d0.2.pt,0.5970655679702759
def,ordered,unreduced,New_Old_Def,models/ordered/ordered_LSTM_400_80m_e_14-d0.2.pt,-0.24706459045410156
def,shuffled,unreduced,New_Indef_Def,models/shuffled/shuffled_LSTM_400_80m_a_10-d0.2.pt,2.7636466026306152
def,shuffled,unreduced,New_Indef_Def,models/shuffled/shuffled_LSTM_400_80m_b_11-d0.2.pt,2.3591822385787964
def,shuffled,unreduced,New_Indef_Def,models/shuffled/shuffled_LSTM_400_80m_c_12-d0.2.pt,1.2207157611846924
def,shuffled,unreduced,New_Indef_Def,models/shuffled/shuffled_LSTM_400_80m_d_13-d0.2.pt,2.0574305057525635
def,shuffled,unreduced,New_Indef_Def,models/shuffled/shuffled_LSTM_400_80m_e_14-d0.2.pt,1.2388286590576172
def,ordered,unreduced,New_Indef_Def,models/ordered/ordered_LSTM_400_80m_a_10-d0.2.pt,2.2867863178253174
def,ordered,unreduced,New_Indef_Def,models/ordered/ordered_LSTM_400_80m_b_11-d0.2.pt,2.583877205848694
def,ordered,unreduced,New_Indef_Def,models/ordered/ordered_LSTM_400_80m_c_12-d0.2.pt,2.29202938079834
def,ordered,unreduced,New_Indef_Def,models/ordered/ordered_LSTM_400_80m_d_13-d0.2.pt,3.247674345970154
def,ordered,unreduced,New_Indef_Def,models/ordered/ordered_LSTM_400_80m_e_14-d0.2.pt,2.528679370880127
def,shuffled,reduced,New_Old_Def,models/shuffled/shuffled_LSTM_400_80m_a_10-d0.2.pt,0.017313480377197266
def,shuffled,reduced,New_Old_Def,models/shuffled/shuffled_LSTM_400_80m_b_11-d0.2.pt,-0.010730743408203125
def,shuffled,reduced,New_Old_Def,models/shuffled/shuffled_LSTM_400_80m_c_12-d0.2.pt,0.02126455307006836
def,shuffled,reduced,New_Old_Def,models/shuffled/shuffled_LSTM_400_80m_d_13-d0.2.pt,0.0072193145751953125
def,shuffled,reduced,New_Old_Def,models/shuffled/shuffled_LSTM_400_80m_e_14-d0.2.pt,-0.03970623016357422
def,ordered,reduced,New_Old_Def,models/ordered/ordered_LSTM_400_80m_a_10-d0.2.pt,0.09003257751464844
def,ordered,reduced,New_Old_Def,models/ordered/ordered_LSTM_400_80m_b_11-d0.2.pt,0.2256326675415039
def,ordered,reduced,New_Old_Def,models/ordered/ordered_LSTM_400_80m_c_12-d0.2.pt,-0.02845621109008789
def,ordered,reduced,New_Old_Def,models/ordered/ordered_LSTM_400_80m_d_13-d0.2.pt,-0.03532600402832031
def,ordered,reduced,New_Old_Def,models/ordered/ordered_LSTM_400_80m_e_14-d0.2.pt,-0.33832406997680664
def,shuffled,reduced,New_Indef_Def,models/shuffled/shuffled_LSTM_400_80m_a_10-d0.2.pt,-0.6084475517272949
def,shuffled,reduced,New_Indef_Def,models/shuffled/shuffled_LSTM_400_80m_b_11-d0.2.pt,-1.8831462860107422
def,shuffled,reduced,New_Indef_Def,models/shuffled/shuffled_LSTM_400_80m_c_12-d0.2.pt,0.643867015838623
def,shuffled,reduced,New_Indef_Def,models/shuffled/shuffled_LSTM_400_80m_d_13-d0.2.pt,-2.3349838256835938
def,shuffled,reduced,New_Indef_Def,models/shuffled/shuffled_LSTM_400_80m_e_14-d0.2.pt,1.2647614479064941
def,ordered,reduced,New_Indef_Def,models/ordered/ordered_LSTM_400_80m_a_10-d0.2.pt,-2.2998766899108887
def,ordered,reduced,New_Indef_Def,models/ordered/ordered_LSTM_400_80m_b_11-d0.2.pt,-0.5421919822692871
def,ordered,reduced,New_Indef_Def,models/ordered/ordered_LSTM_400_80m_c_12-d0.2.pt,-1.3135299682617188
def,ordered,reduced,New_Indef_Def,models/ordered/ordered_LSTM_400_80m_d_13-d0.2.pt,-1.353170394897461
def,ordered,reduced,New_Indef_Def,models/ordered/ordered_LSTM_400_80m_e_14-d0.2.pt,-0.8616809844970703
def,shuffled,unreduced,New_Old_Def,models/shuffled/shuffled_LSTM_400_80m_a_10-d0.2.pt,-0.00480341911315918
def,shuffled,unreduced,New_Old_Def,models/shuffled/shuffled_LSTM_400_80m_b_11-d0.2.pt,0.011409759521484375
def,shuffled,unreduced,New_Old_Def,models/shuffled/shuffled_LSTM_400_80m_c_12-d0.2.pt,-0.0017142295837402344
def,shuffled,unreduced,New_Old_Def,models/shuffled/shuffled_LSTM_400_80m_d_13-d0.2.pt,-0.009856224060058594
def,shuffled,unreduced,New_Old_Def,models/shuffled/shuffled_LSTM_400_80m_e_14-d0.2.pt,-0.004457235336303711
def,ordered,unreduced,New_Old_Def,models/ordered/ordered_LSTM_400_80m_a_10-d0.2.pt,0.32271337509155273
def,ordered,unreduced,New_Old_Def,models/ordered/ordered_LSTM_400_80m_b_11-d0.2.pt,0.1187138557434082
def,ordered,unreduced,New_Old_Def,models/ordered/ordered_LSTM_400_80m_c_12-d0.2.pt,0.17004752159118652
def,ordered,unreduced,New_Old_Def,models/ordered/ordered_LSTM_400_80m_d_13-d0.2.pt,0.29028594493865967
def,ordered,unreduced,New_Old_Def,models/ordered/ordered_LSTM_400_80m_e_14-d0.2.pt,-0.06572866439819336
def,shuffled,unreduced,New_Indef_Def,models/shuffled/shuffled_LSTM_400_80m_a_10-d0.2.pt,-0.9652392864227295
def,shuffled,unreduced,New_Indef_Def,models/shuffled/shuffled_LSTM_400_80m_b_11-d0.2.pt,-0.9515938758850098
def,shuffled,unreduced,New_Indef_Def,models/shuffled/shuffled_LSTM_400_80m_c_12-d0.2.pt,-1.4644248485565186
def,shuffled,unreduced,New_Indef_Def,models/shuffled/shuffled_LSTM_400_80m_d_13-d0.2.pt,-1.6612884998321533
def,shuffled,unreduced,New_Indef_Def,models/shuffled/shuffled_LSTM_400_80m_e_14-d0.2.pt,-1.399305820465088
def,ordered,unreduced,New_Indef_Def,models/ordered/ordered_LSTM_400_80m_a_10-d0.2.pt,-0.7036104202270508
def,ordered,unreduced,New_Indef_Def,models/ordered/ordered_LSTM_400_80m_b_11-d0.2.pt,-1.0631062984466553
def,ordered,unreduced,New_Indef_Def,models/ordered/ordered_LSTM_400_80m_c_12-d0.2.pt,-1.4814701080322266
def,ordered,unreduced,New_Indef_Def,models/ordered/ordered_LSTM_400_80m_d_13-d0.2.pt,-0.7824411392211914
def,ordered,unreduced,New_Indef_Def,models/ordered/ordered_LSTM_400_80m_e_14-d0.2.pt,-1.544515609741211
def,shuffled,reduced,New_Old_Def,models/shuffled/shuffled_LSTM_400_80m_a_10-d0.2.pt,-0.010918617248535156
def,shuffled,reduced,New_Old_Def,models/shuffled/shuffled_LSTM_400_80m_b_11-d0.2.pt,-0.0016651153564453125
def,shuffled,reduced,New_Old_Def,models/shuffled/shuffled_LSTM_400_80m_c_12-d0.2.pt,0.02752399444580078
def,shuffled,reduced,New_Old_Def,models/shuffled/shuffled_LSTM_400_80m_d_13-d0.2.pt,-0.011173248291015625
def,shuffled,reduced,New_Old_Def,models/shuffled/shuffled_LSTM_400_80m_e_14-d0.2.pt,-0.01769542694091797
def,ordered,reduced,New_Old_Def,models/ordered/ordered_LSTM_400_80m_a_10-d0.2.pt,0.03323936462402344
def,ordered,reduced,New_Old_Def,models/ordered/ordered_LSTM_400_80m_b_11-d0.2.pt,0.18652915954589844
def,ordered,reduced,New_Old_Def,models/ordered/ordered_LSTM_400_80m_c_12-d0.2.pt,0.02726459503173828
def,ordered,reduced,New_Old_Def,models/ordered/ordered_LSTM_400_80m_d_13-d0.2.pt,0.024354934692382812
def,ordered,reduced,New_Old_Def,models/ordered/ordered_LSTM_400_80m_e_14-d0.2.pt,-0.09821033477783203
def,shuffled,reduced,New_Indef_Def,models/shuffled/shuffled_LSTM_400_80m_a_10-d0.2.pt,-1.9386506080627441
def,shuffled,reduced,New_Indef_Def,models/shuffled/shuffled_LSTM_400_80m_b_11-d0.2.pt,-0.9799909591674805
def,shuffled,reduced,New_Indef_Def,models/shuffled/shuffled_LSTM_400_80m_c_12-d0.2.pt,0.42432594299316406
def,shuffled,reduced,New_Indef_Def,models/shuffled/shuffled_LSTM_400_80m_d_13-d0.2.pt,-2.179636001586914
def,shuffled,reduced,New_Indef_Def,models/shuffled/shuffled_LSTM_400_80m_e_14-d0.2.pt,0.002288818359375
def,ordered,reduced,New_Indef_Def,models/ordered/ordered_LSTM_400_80m_a_10-d0.2.pt,0.628758430480957
def,ordered,reduced,New_Indef_Def,models/ordered/ordered_LSTM_400_80m_b_11-d0.2.pt,2.052617073059082
def,ordered,reduced,New_Indef_Def,models/ordered/ordered_LSTM_400_80m_c_12-d0.2.pt,-0.28583526611328125
def,ordered,reduced,New_Indef_Def,models/ordered/ordered_LSTM_400_80m_d_13-d0.2.pt,-1.7474441528320312
def,ordered,reduced,New_Indef_Def,models/ordered/ordered_LSTM_400_80m_e_14-d0.2.pt,1.807485580444336
def,shuffled,unreduced,New_Old_Def,models/shuffled/shuffled_LSTM_400_80m_a_10-d0.2.pt,-0.004429340362548828
def,shuffled,unreduced,New_Old_Def,models/shuffled/shuffled_LSTM_400_80m_b_11-d0.2.pt,0.0006546974182128906
def,shuffled,unreduced,New_Old_Def,models/shuffled/shuffled_LSTM_400_80m_c_12-d0.2.pt,-0.0007634162902832031
def,shuffled,unreduced,New_Old_Def,models/shuffled/shuffled_LSTM_400_80m_d_13-d0.2.pt,0.0020170211791992188
def,shuffled,unreduced,New_Old_Def,models/shuffled/shuffled_LSTM_400_80m_e_14-d0.2.pt,0.023099899291992188
def,ordered,unreduced,New_Old_Def,models/ordered/ordered_LSTM_400_80m_a_10-d0.2.pt,0.2684974670410156
def,ordered,unreduced,New_Old_Def,models/ordered/ordered_LSTM_400_80m_b_11-d0.2.pt,0.5126857757568359
def,ordered,unreduced,New_Old_Def,models/ordered/ordered_LSTM_400_80m_c_12-d0.2.pt,0.21666193008422852
def,ordered,unreduced,New_Old_Def,models/ordered/ordered_LSTM_400_80m_d_13-d0.2.pt,0.24755620956420898
def,ordered,unreduced,New_Old_Def,models/ordered/ordered_LSTM_400_80m_e_14-d0.2.pt,0.15568780899047852
def,shuffled,unreduced,New_Indef_Def,models/shuffled/shuffled_LSTM_400_80m_a_10-d0.2.pt,1.6327643394470215
def,shuffled,unreduced,New_Indef_Def,models/shuffled/shuffled_LSTM_400_80m_b_11-d0.2.pt,1.089639663696289
def,shuffled,unreduced,New_Indef_Def,models/shuffled/shuffled_LSTM_400_80m_c_12-d0.2.pt,2.267519950866699
def,shuffled,unreduced,New_Indef_Def,models/shuffled/shuffled_LSTM_400_80m_d_13-d0.2.pt,2.72189998626709
def,shuffled,unreduced,New_Indef_Def,models/shuffled/shuffled_LSTM_400_80m_e_14-d0.2.pt,0.8651909828186035
def,ordered,unreduced,New_Indef_Def,models/ordered/ordered_LSTM_400_80m_a_10-d0.2.pt,2.236393928527832
def,ordered,unreduced,New_Indef_Def,models/ordered/ordered_LSTM_400_80m_b_11-d0.2.pt,0.8514857292175293
def,ordered,unreduced,New_Indef_Def,models/ordered/ordered_LSTM_400_80m_c_12-d0.2.pt,3.474006175994873
def,ordered,unreduced,New_Indef_Def,models/ordered/ordered_LSTM_400_80m_d_13-d0.2.pt,1.863208293914795
def,ordered,unreduced,New_Indef_Def,models/ordered/ordered_LSTM_400_80m_e_14-d0.2.pt,2.8344345092773438
def,shuffled,reduced,New_Old_Def,models/shuffled/shuffled_LSTM_400_80m_a_10-d0.2.pt,-0.029441356658935547
def,shuffled,reduced,New_Old_Def,models/shuffled/shuffled_LSTM_400_80m_b_11-d0.2.pt,-0.034717559814453125
def,shuffled,reduced,New_Old_Def,models/shuffled/shuffled_LSTM_400_80m_c_12-d0.2.pt,0.003407001495361328
def,shuffled,reduced,New_Old_Def,models/shuffled/shuffled_LSTM_400_80m_d_13-d0.2.pt,0.004127979278564453
def,shuffled,reduced,New_Old_Def,models/shuffled/shuffled_LSTM_400_80m_e_14-d0.2.pt,-0.10546875
def,ordered,reduced,New_Old_Def,models/ordered/ordered_LSTM_400_80m_a_10-d0.2.pt,-0.3060035705566406
def,ordered,reduced,New_Old_Def,models/ordered/ordered_LSTM_400_80m_b_11-d0.2.pt,-0.6815619468688965
def,ordered,reduced,New_Old_Def,models/ordered/ordered_LSTM_400_80m_c_12-d0.2.pt,-0.3443593978881836
def,ordered,reduced,New_Old_Def,models/ordered/ordered_LSTM_400_80m_d_13-d0.2.pt,-0.411013126373291
def,ordered,reduced,New_Old_Def,models/ordered/ordered_LSTM_400_80m_e_14-d0.2.pt,-1.4103813171386719
def,shuffled,reduced,New_Indef_Def,models/shuffled/shuffled_LSTM_400_80m_a_10-d0.2.pt,-1.3478012084960938
def,shuffled,reduced,New_Indef_Def,models/shuffled/shuffled_LSTM_400_80m_b_11-d0.2.pt,-1.0718097686767578
def,shuffled,reduced,New_Indef_Def,models/shuffled/shuffled_LSTM_400_80m_c_12-d0.2.pt,-1.275977611541748
def,shuffled,reduced,New_Indef_Def,models/shuffled/shuffled_LSTM_400_80m_d_13-d0.2.pt,-2.1524667739868164
def,shuffled,reduced,New_Indef_Def,models/shuffled/shuffled_LSTM_400_80m_e_14-d0.2.pt,-1.363764762878418
def,ordered,reduced,New_Indef_Def,models/ordered/ordered_LSTM_400_80m_a_10-d0.2.pt,-1.3343958854675293
def,ordered,reduced,New_Indef_Def,models/ordered/ordered_LSTM_400_80m_b_11-d0.2.pt,0.028142452239990234
def,ordered,reduced,New_Indef_Def,models/ordered/ordered_LSTM_400_80m_c_12-d0.2.pt,-0.9807071685791016
def,ordered,reduced,New_Indef_Def,models/ordered/ordered_LSTM_400_80m_d_13-d0.2.pt,-0.1549534797668457
def,ordered,reduced,New_Indef_Def,models/ordered/ordered_LSTM_400_80m_e_14-d0.2.pt,-1.55769681930542
def,shuffled,unreduced,New_Old_Def,models/shuffled/shuffled_LSTM_400_80m_a_10-d0.2.pt,0.008659839630126953
def,shuffled,unreduced,New_Old_Def,models/shuffled/shuffled_LSTM_400_80m_b_11-d0.2.pt,-0.009041786193847656
def,shuffled,unreduced,New_Old_Def,models/shuffled/shuffled_LSTM_400_80m_c_12-d0.2.pt,-0.008524417877197266
def,shuffled,unreduced,New_Old_Def,models/shuffled/shuffled_LSTM_400_80m_d_13-d0.2.pt,-0.0017805099487304688
def,shuffled,unreduced,New_Old_Def,models/shuffled/shuffled_LSTM_400_80m_e_14-d0.2.pt,-0.008385181427001953
def,ordered,unreduced,New_Old_Def,models/ordered/ordered_LSTM_400_80m_a_10-d0.2.pt,-0.09678888320922852
def,ordered,unreduced,New_Old_Def,models/ordered/ordered_LSTM_400_80m_b_11-d0.2.pt,-0.30591535568237305
def,ordered,unreduced,New_Old_Def,models/ordered/ordered_LSTM_400_80m_c_12-d0.2.pt,0.1231851577758789
def,ordered,unreduced,New_Old_Def,models/ordered/ordered_LSTM_400_80m_d_13-d0.2.pt,0.05032014846801758
def,ordered,unreduced,New_Old_Def,models/ordered/ordered_LSTM_400_80m_e_14-d0.2.pt,-0.6575593948364258
def,shuffled,unreduced,New_Indef_Def,models/shuffled/shuffled_LSTM_400_80m_a_10-d0.2.pt,-0.6002020835876465
def,shuffled,unreduced,New_Indef_Def,models/shuffled/shuffled_LSTM_400_80m_b_11-d0.2.pt,0.2965216636657715
def,shuffled,unreduced,New_Indef_Def,models/shuffled/shuffled_LSTM_400_80m_c_12-d0.2.pt,-0.8276777267456055
def,shuffled,unreduced,New_Indef_Def,models/shuffled/shuffled_LSTM_400_80m_d_13-d0.2.pt,-0.8363871574401855
def,shuffled,unreduced,New_Indef_Def,models/shuffled/shuffled_LSTM_400_80m_e_14-d0.2.pt,-1.3330178260803223
def,ordered,unreduced,New_Indef_Def,models/ordered/ordered_LSTM_400_80m_a_10-d0.2.pt,-1.11851167678833
def,ordered,unreduced,New_Indef_Def,models/ordered/ordered_LSTM_400_80m_b_11-d0.2.pt,-0.09634733200073242
def,ordered,unreduced,New_Indef_Def,models/ordered/ordered_LSTM_400_80m_c_12-d0.2.pt,0.3165006637573242
def,ordered,unreduced,New_Indef_Def,models/ordered/ordered_LSTM_400_80m_d_13-d0.2.pt,0.30664968490600586
def,ordered,unreduced,New_Indef_Def,models/ordered/ordered_LSTM_400_80m_e_14-d0.2.pt,-0.16428804397583008
def,shuffled,reduced,New_Old_Def,models/shuffled/shuffled_LSTM_400_80m_a_10-d0.2.pt,-0.010319709777832031
def,shuffled,reduced,New_Old_Def,models/shuffled/shuffled_LSTM_400_80m_b_11-d0.2.pt,-0.02658557891845703
def,shuffled,reduced,New_Old_Def,models/shuffled/shuffled_LSTM_400_80m_c_12-d0.2.pt,0.032665252685546875
def,shuffled,reduced,New_Old_Def,models/shuffled/shuffled_LSTM_400_80m_d_13-d0.2.pt,-0.0030112266540527344
def,shuffled,reduced,New_Old_Def,models/shuffled/shuffled_LSTM_400_80m_e_14-d0.2.pt,-0.0053234100341796875
def,ordered,reduced,New_Old_Def,models/ordered/ordered_LSTM_400_80m_a_10-d0.2.pt,0.28791141510009766
def,ordered,reduced,New_Old_Def,models/ordered/ordered_LSTM_400_80m_b_11-d0.2.pt,0.5144085884094238
def,ordered,reduced,New_Old_Def,models/ordered/ordered_LSTM_400_80m_c_12-d0.2.pt,0.40018653869628906
def,ordered,reduced,New_Old_Def,models/ordered/ordered_LSTM_400_80m_d_13-d0.2.pt,0.35736656188964844
def,ordered,reduced,New_Old_Def,models/ordered/ordered_LSTM_400_80m_e_14-d0.2.pt,0.5412073135375977
def,shuffled,reduced,New_Indef_Def,models/shuffled/shuffled_LSTM_400_80m_a_10-d0.2.pt,1.3700242042541504
def,shuffled,reduced,New_Indef_Def,models/shuffled/shuffled_LSTM_400_80m_b_11-d0.2.pt,-0.38238000869750977
def,shuffled,reduced,New_Indef_Def,models/shuffled/shuffled_LSTM_400_80m_c_12-d0.2.pt,0.7008581161499023
def,shuffled,reduced,New_Indef_Def,models/shuffled/shuffled_LSTM_400_80m_d_13-d0.2.pt,1.487748622894287
def,shuffled,reduced,New_Indef_Def,models/shuffled/shuffled_LSTM_400_80m_e_14-d0.2.pt,1.0149335861206055
def,ordered,reduced,New_Indef_Def,models/ordered/ordered_LSTM_400_80m_a_10-d0.2.pt,1.4303178787231445
def,ordered,reduced,New_Indef_Def,models/ordered/ordered_LSTM_400_80m_b_11-d0.2.pt,2.5122017860412598
def,ordered,reduced,New_Indef_Def,models/ordered/ordered_LSTM_400_80m_c_12-d0.2.pt,0.19855928421020508
def,ordered,reduced,New_Indef_Def,models/ordered/ordered_LSTM_400_80m_d_13-d0.2.pt,0.9430122375488281
def,ordered,reduced,New_Indef_Def,models/ordered/ordered_LSTM_400_80m_e_14-d0.2.pt,0.7516937255859375
def,shuffled,unreduced,New_Old_Def,models/shuffled/shuffled_LSTM_400_80m_a_10-d0.2.pt,-0.004062175750732422
def,shuffled,unreduced,New_Old_Def,models/shuffled/shuffled_LSTM_400_80m_b_11-d0.2.pt,0.007384896278381348
def,shuffled,unreduced,New_Old_Def,models/shuffled/shuffled_LSTM_400_80m_c_12-d0.2.pt,0.005125284194946289
def,shuffled,unreduced,New_Old_Def,models/shuffled/shuffled_LSTM_400_80m_d_13-d0.2.pt,-0.0014510154724121094
def,shuffled,unreduced,New_Old_Def,models/shuffled/shuffled_LSTM_400_80m_e_14-d0.2.pt,-0.010754585266113281
def,ordered,unreduced,New_Old_Def,models/ordered/ordered_LSTM_400_80m_a_10-d0.2.pt,0.07188379764556885
def,ordered,unreduced,New_Old_Def,models/ordered/ordered_LSTM_400_80m_b_11-d0.2.pt,0.2341066598892212
def,ordered,unreduced,New_Old_Def,models/ordered/ordered_LSTM_400_80m_c_12-d0.2.pt,0.10981380939483643
def,ordered,unreduced,New_Old_Def,models/ordered/ordered_LSTM_400_80m_d_13-d0.2.pt,0.27593994140625
def,ordered,unreduced,New_Old_Def,models/ordered/ordered_LSTM_400_80m_e_14-d0.2.pt,0.23152923583984375
def,shuffled,unreduced,New_Indef_Def,models/shuffled/shuffled_LSTM_400_80m_a_10-d0.2.pt,1.450427770614624
def,shuffled,unreduced,New_Indef_Def,models/shuffled/shuffled_LSTM_400_80m_b_11-d0.2.pt,0.6901906728744507
def,shuffled,unreduced,New_Indef_Def,models/shuffled/shuffled_LSTM_400_80m_c_12-d0.2.pt,1.0714038610458374
def,shuffled,unreduced,New_Indef_Def,models/shuffled/shuffled_LSTM_400_80m_d_13-d0.2.pt,1.3699159622192383
def,shuffled,unreduced,New_Indef_Def,models/shuffled/shuffled_LSTM_400_80m_e_14-d0.2.pt,2.256958246231079
def,ordered,unreduced,New_Indef_Def,models/ordered/ordered_LSTM_400_80m_a_10-d0.2.pt,2.3175437450408936
def,ordered,unreduced,New_Indef_Def,models/ordered/ordered_LSTM_400_80m_b_11-d0.2.pt,1.954527735710144
def,ordered,unreduced,New_Indef_Def,models/ordered/ordered_LSTM_400_80m_c_12-d0.2.pt,0.8422759771347046
def,ordered,unreduced,New_Indef_Def,models/ordered/ordered_LSTM_400_80m_d_13-d0.2.pt,2.1477227210998535
def,ordered,unreduced,New_Indef_Def,models/ordered/ordered_LSTM_400_80m_e_14-d0.2.pt,0.1638648509979248
